Repeat,VAR2,Point,CH1 Voltage,CH1 Current,CH1 Time,CH2 Voltage,CH2 Current,CH2 Time
1,1,1,0.00000E+000,-11.80000E-012,10.38300E-003,0.00000E+000,145.00000E-009,10.38300E-003
1,1,2,0.00000E+000,-7.00000E-012,178.96400E-003,42.00000E-003,-9.56300E-006,178.96400E-003
1,1,3,0.00000E+000,-5.30000E-012,347.22100E-003,84.00000E-003,-13.29200E-006,347.22100E-003
1,1,4,0.00000E+000,1.00000E-012,515.47000E-003,126.00000E-003,-13.52300E-006,515.47000E-003
1,1,5,0.00000E+000,800.00000E-015,706.41500E-003,168.00000E-003,14.69900E-006,706.41500E-003
1,1,6,0.00000E+000,5.60000E-012,874.64200E-003,210.00000E-003,12.41300E-006,874.64200E-003
1,1,7,0.00000E+000,9.80000E-012,1.04289E+000,252.00000E-003,4.96600E-006,1.04289E+000
1,1,8,0.00000E+000,5.80000E-012,1.21652E+000,294.00000E-003,-11.68600E-006,1.21652E+000
1,1,9,0.00000E+000,8.60000E-012,1.38477E+000,335.90000E-003,-3.76400E-006,1.38477E+000
1,1,10,0.00000E+000,7.90000E-012,1.55303E+000,378.00000E-003,4.58200E-006,1.55303E+000
1,1,11,0.00000E+000,17.10000E-012,1.72131E+000,420.00000E-003,10.44600E-006,1.72131E+000
1,1,12,0.00000E+000,-9.90000E-012,1.88956E+000,462.00000E-003,15.10500E-006,1.88956E+000
1,1,13,0.00000E+000,-33.50000E-012,2.05780E+000,504.00000E-003,13.01300E-006,2.05780E+000
1,1,14,0.00000E+000,-9.80000E-012,2.22608E+000,546.00000E-003,5.98600E-006,2.22608E+000
1,1,15,0.00000E+000,-7.00000E-012,2.39433E+000,588.00000E-003,-2.13000E-006,2.39433E+000
1,1,16,0.00000E+000,-33.00000E-012,2.56258E+000,630.00000E-003,-9.64100E-006,2.56258E+000
1,1,17,0.00000E+000,-33.60000E-012,2.73083E+000,672.00000E-003,-13.38800E-006,2.73083E+000
1,1,18,0.00000E+000,-16.10000E-012,2.89908E+000,714.00000E-003,-13.84400E-006,2.89908E+000
1,1,19,0.00000E+000,-11.20000E-012,3.06732E+000,756.00000E-003,-8.47300E-006,3.06732E+000
1,1,20,0.00000E+000,-7.00000E-012,3.23560E+000,798.00000E-003,-866.00000E-009,3.23560E+000
1,1,21,0.00000E+000,1.80000E-012,3.40384E+000,840.00000E-003,8.42900E-006,3.40384E+000
1,1,22,0.00000E+000,14.80000E-012,3.57210E+000,882.00000E-003,12.76300E-006,3.57210E+000
1,1,23,-300.00000E-009,-111.70000E-012,3.74038E+000,924.00000E-003,14.50900E-006,3.74038E+000
1,1,24,100.00000E-009,-16.30000E-012,3.90863E+000,966.00000E-003,10.52500E-006,3.90863E+000
1,1,25,0.00000E+000,32.30000E-012,4.07686E+000,1.00800E+000,3.28000E-006,4.07686E+000
1,1,26,0.00000E+000,58.70000E-012,4.24513E+000,1.05000E+000,-5.36500E-006,4.24513E+000
1,1,27,800.00000E-009,108.80000E-012,4.41338E+000,1.09200E+000,-10.89500E-006,4.41338E+000
1,1,28,-400.00000E-009,79.50000E-012,4.58163E+000,1.13400E+000,-15.08300E-006,4.58163E+000
1,1,29,0.00000E+000,48.40000E-012,4.74989E+000,1.17600E+000,-12.89800E-006,4.74989E+000
1,1,30,0.00000E+000,44.60000E-012,4.91813E+000,1.21800E+000,-5.70400E-006,4.91813E+000
1,1,31,0.00000E+000,30.20000E-012,5.08639E+000,1.26000E+000,2.57200E-006,5.08639E+000
1,1,32,0.00000E+000,22.10000E-012,5.25465E+000,1.30200E+000,9.74000E-006,5.25465E+000
1,1,33,0.00000E+000,17.80000E-012,5.42289E+000,1.34400E+000,13.49400E-006,5.42289E+000
1,1,34,0.00000E+000,17.00000E-012,5.59113E+000,1.38600E+000,13.67400E-006,5.59113E+000
1,1,35,0.00000E+000,18.60000E-012,5.75940E+000,1.42800E+000,8.45000E-006,5.75940E+000
1,1,36,0.00000E+000,18.50000E-012,5.92764E+000,1.47000E+000,835.00000E-009,5.92764E+000
1,1,37,0.00000E+000,13.70000E-012,6.09589E+000,1.51200E+000,-8.26700E-006,6.09589E+000
1,1,38,0.00000E+000,12.60000E-012,6.26414E+000,1.55400E+000,-12.79500E-006,6.26414E+000
1,1,39,0.00000E+000,11.60000E-012,6.43239E+000,1.59600E+000,-14.69400E-006,6.43239E+000
1,1,40,0.00000E+000,7.40000E-012,6.60064E+000,1.63800E+000,-10.63800E-006,6.60064E+000
1,1,41,0.00000E+000,10.40000E-012,6.76908E+000,1.68000E+000,-2.66200E-006,6.76908E+000
1,1,42,0.00000E+000,8.60000E-012,6.93730E+000,1.72200E+000,6.29300E-006,6.93730E+000
1,1,43,0.00000E+000,5.20000E-012,7.10555E+000,1.76400E+000,11.46100E-006,7.10555E+000
1,1,44,0.00000E+000,8.50000E-012,7.27382E+000,1.80600E+000,14.75800E-006,7.27382E+000
1,1,45,0.00000E+000,8.90000E-012,7.44205E+000,1.84800E+000,12.57000E-006,7.44205E+000
1,1,46,0.00000E+000,6.90000E-012,7.61030E+000,1.89000E+000,5.33700E-006,7.61030E+000
1,1,47,0.00000E+000,4.40000E-012,7.77856E+000,1.93200E+000,-3.15000E-006,7.77856E+000
1,1,48,0.00000E+000,4.10000E-012,7.94684E+000,1.97400E+000,-9.76300E-006,7.94684E+000
1,1,49,0.00000E+000,2.80000E-012,8.11508E+000,2.01600E+000,-13.79900E-006,8.11508E+000
1,1,50,0.00000E+000,800.00000E-015,8.28334E+000,2.05800E+000,-13.96200E-006,8.28334E+000
1,1,51,0.00000E+000,7.10000E-012,8.45166E+000,2.10000E+000,-7.19200E-006,8.45166E+000
1,1,52,0.00000E+000,7.40000E-012,8.61991E+000,2.14200E+000,698.00000E-009,8.61991E+000
1,1,53,0.00000E+000,14.60000E-012,8.78816E+000,2.18400E+000,9.19100E-006,8.78816E+000
1,1,54,0.00000E+000,9.70000E-012,8.95640E+000,2.22600E+000,13.15300E-006,8.95640E+000
1,1,55,0.00000E+000,5.10000E-012,9.12465E+000,2.26800E+000,14.25400E-006,9.12465E+000
1,1,56,0.00000E+000,4.40000E-012,9.29292E+000,2.31000E+000,9.49600E-006,9.29292E+000
1,1,57,0.00000E+000,7.90000E-012,9.46117E+000,2.35200E+000,2.51200E-006,9.46117E+000
1,1,58,0.00000E+000,10.60000E-012,9.62941E+000,2.39400E+000,-6.37600E-006,9.62941E+000
1,1,59,0.00000E+000,7.80000E-012,9.79768E+000,2.43600E+000,-11.62400E-006,9.79768E+000
1,1,60,0.00000E+000,4.80000E-012,9.96593E+000,2.47800E+000,-14.75800E-006,9.96593E+000
1,1,61,0.00000E+000,3.60000E-012,10.13416E+000,2.52000E+000,-12.57000E-006,10.13416E+000
1,1,62,0.00000E+000,4.60000E-012,10.30242E+000,2.56200E+000,-4.89300E-006,10.30242E+000
1,1,63,0.00000E+000,4.50000E-012,10.47069E+000,2.60400E+000,3.59900E-006,10.47069E+000
1,1,64,0.00000E+000,51.60000E-012,10.63893E+000,2.64600E+000,9.83400E-006,10.63893E+000
1,1,65,0.00000E+000,4.70000E-012,10.80719E+000,2.68800E+000,14.01800E-006,10.80719E+000
1,1,66,0.00000E+000,5.40000E-012,10.97543E+000,2.73000E+000,13.87600E-006,10.97543E+000
1,1,67,0.00000E+000,5.30000E-012,11.14368E+000,2.77200E+000,7.50600E-006,11.14368E+000
1,1,68,0.00000E+000,6.20000E-012,11.31196E+000,2.81400E+000,-530.00000E-009,11.31196E+000
1,1,69,100.00000E-009,3.00000E-012,11.48020E+000,2.85600E+000,-9.03900E-006,11.48020E+000
1,1,70,0.00000E+000,-7.80000E-012,11.64842E+000,2.89800E+000,-13.07300E-006,11.64842E+000
1,1,71,0.00000E+000,-17.40000E-012,11.81668E+000,2.94000E+000,-14.23800E-006,11.81668E+000
1,1,72,0.00000E+000,-29.70000E-012,11.98494E+000,2.98200E+000,-9.49400E-006,11.98494E+000
1,1,73,0.00000E+000,-41.70000E-012,12.15329E+000,3.02400E+000,-2.16200E-006,12.15329E+000
1,1,74,200.00000E-009,-35.30000E-012,12.32155E+000,3.06600E+000,7.31400E-006,12.32155E+000
1,1,75,-100.00000E-009,-39.80000E-012,12.48977E+000,3.10800E+000,12.03400E-006,12.48977E+000
1,1,76,0.00000E+000,-24.90000E-012,12.65805E+000,3.15000E+000,14.69600E-006,12.65805E+000
1,1,77,0.00000E+000,-14.60000E-012,12.82648E+000,3.19200E+000,10.92200E-006,12.82648E+000
1,1,78,0.00000E+000,-6.70000E-012,12.99472E+000,3.23400E+000,3.67700E-006,12.99472E+000
1,1,79,0.00000E+000,-1.70000E-012,13.16297E+000,3.27600E+000,-5.03900E-006,13.16297E+000
1,1,80,0.00000E+000,1.00000E-012,13.33127E+000,3.31800E+000,-10.79600E-006,13.33127E+000
1,1,81,0.00000E+000,-2.30000E-012,13.49951E+000,3.36000E+000,-15.03500E-006,13.49951E+000
1,1,82,0.00000E+000,13.10000E-012,13.66775E+000,3.40200E+000,-12.96200E-006,13.66775E+000
1,1,83,100.00000E-009,-37.00000E-012,13.83602E+000,3.44400E+000,-5.66300E-006,13.83602E+000
1,1,84,0.00000E+000,-21.90000E-012,14.00428E+000,3.48600E+000,2.50100E-006,14.00428E+000
1,1,85,0.00000E+000,25.90000E-012,14.17252E+000,3.52800E+000,9.60200E-006,14.17252E+000
1,1,86,0.00000E+000,23.80000E-012,14.34079E+000,3.57000E+000,13.46200E-006,14.34079E+000
1,1,87,0.00000E+000,28.10000E-012,14.50904E+000,3.61200E+000,13.65300E-006,14.50904E+000
1,1,88,0.00000E+000,35.80000E-012,14.67727E+000,3.65400E+000,8.66800E-006,14.67727E+000
1,1,89,0.00000E+000,38.20000E-012,14.84555E+000,3.69600E+000,1.01000E-006,14.84555E+000
1,1,90,0.00000E+000,42.30000E-012,15.01377E+000,3.73800E+000,-7.94600E-006,15.01377E+000
1,1,91,0.00000E+000,34.70000E-012,15.18201E+000,3.78000E+000,-12.55500E-006,15.18201E+000
1,1,92,0.00000E+000,32.80000E-012,15.35029E+000,3.82200E+000,-14.73300E-006,15.35029E+000
1,1,93,0.00000E+000,26.20000E-012,15.51853E+000,3.86400E+000,-11.36500E-006,15.51853E+000
1,1,94,0.00000E+000,12.70000E-012,15.68675E+000,3.90600E+000,-3.88900E-006,15.68675E+000
1,1,95,0.00000E+000,12.80000E-012,15.85501E+000,3.94800E+000,4.61900E-006,15.85501E+000
1,1,96,0.00000E+000,10.60000E-012,16.02324E+000,3.99000E+000,10.11100E-006,16.02324E+000
1,1,97,100.00000E-009,10.50000E-012,16.19149E+000,4.03200E+000,14.87000E-006,16.19149E+000
1,1,98,0.00000E+000,7.70000E-012,16.35977E+000,4.07400E+000,13.25600E-006,16.35977E+000
1,1,99,0.00000E+000,8.80000E-012,16.52816E+000,4.11600E+000,5.89100E-006,16.52816E+000
1,1,100,0.00000E+000,7.80000E-012,16.69640E+000,4.15800E+000,-2.19000E-006,16.69640E+000
1,1,101,0.00000E+000,10.90000E-012,16.86468E+000,4.20000E+000,-9.60500E-006,16.86468E+000
1,1,102,0.00000E+000,39.70000E-012,17.03290E+000,4.24200E+000,-13.32500E-006,17.03290E+000
1,1,103,0.00000E+000,7.20000E-012,17.20114E+000,4.28400E+000,-13.47000E-006,17.20114E+000
1,1,104,0.00000E+000,8.30000E-012,17.36946E+000,4.32600E+000,-8.67400E-006,17.36946E+000
1,1,105,0.00000E+000,7.60000E-012,17.53777E+000,4.36800E+000,-974.00000E-009,17.53777E+000
1,1,106,0.00000E+000,8.20000E-012,17.70603E+000,4.41000E+000,8.33800E-006,17.70603E+000
1,1,107,-100.00000E-009,7.30000E-012,17.87431E+000,4.45200E+000,12.76800E-006,17.87431E+000
1,1,108,0.00000E+000,9.30000E-012,18.04257E+000,4.49400E+000,14.56300E-006,18.04257E+000
1,1,109,0.00000E+000,8.40000E-012,18.21079E+000,4.53600E+000,11.25000E-006,18.21079E+000
1,1,110,0.00000E+000,7.70000E-012,18.37906E+000,4.57800E+000,3.85800E-006,18.37906E+000
1,1,111,0.00000E+000,11.10000E-012,18.54817E+000,4.62000E+000,-9.14900E-006,18.54817E+000
1,1,112,0.00000E+000,7.80000E-012,18.71644E+000,4.66200E+000,-13.52900E-006,18.71644E+000
1,1,113,0.00000E+000,9.30000E-012,18.88472E+000,4.70400E+000,-13.99300E-006,18.88472E+000
1,1,114,0.00000E+000,9.90000E-012,19.05297E+000,4.74600E+000,-9.43200E-006,19.05297E+000
1,1,115,0.00000E+000,9.70000E-012,19.24482E+000,4.78800E+000,9.11100E-006,19.24482E+000
1,1,116,0.00000E+000,10.90000E-012,19.41305E+000,4.83000E+000,2.08600E-006,19.41305E+000
1,1,117,0.00000E+000,11.30000E-012,19.58131E+000,4.87200E+000,-6.98500E-006,19.58131E+000
1,1,118,0.00000E+000,9.50000E-012,19.75717E+000,4.91400E+000,9.75400E-006,19.75717E+000
1,1,119,0.00000E+000,10.00000E-012,19.92542E+000,4.95600E+000,13.55400E-006,19.92542E+000
1,1,120,0.00000E+000,8.80000E-012,20.09378E+000,4.99800E+000,13.78500E-006,20.09378E+000
1,1,121,0.00000E+000,10.60000E-012,20.26205E+000,5.04000E+000,8.14100E-006,20.26205E+000
1,1,122,0.00000E+000,12.00000E-012,20.43028E+000,5.08200E+000,641.00000E-009,20.43028E+000
1,1,123,0.00000E+000,12.20000E-012,20.59863E+000,5.12400E+000,-8.71400E-006,20.59863E+000
1,1,124,0.00000E+000,11.20000E-012,20.77620E+000,5.16600E+000,15.16300E-006,20.77620E+000
1,1,125,0.00000E+000,19.00000E-012,20.94460E+000,5.20800E+000,12.46500E-006,20.94460E+000
1,1,126,0.00000E+000,10.60000E-012,21.11284E+000,5.25000E+000,5.34600E-006,21.11284E+000
1,1,127,0.00000E+000,10.20000E-012,21.28111E+000,5.29200E+000,-2.97300E-006,21.28111E+000
1,1,128,0.00000E+000,11.20000E-012,21.44933E+000,5.33400E+000,-9.76100E-006,21.44933E+000
1,1,129,0.00000E+000,14.10000E-012,21.61772E+000,5.37600E+000,-13.83100E-006,21.61772E+000
1,1,130,0.00000E+000,12.30000E-012,21.78600E+000,5.41800E+000,-13.91600E-006,21.78600E+000
1,1,131,0.00000E+000,17.50000E-012,21.95424E+000,5.46000E+000,-7.74500E-006,21.95424E+000
1,1,132,0.00000E+000,13.30000E-012,22.12249E+000,5.50200E+000,-121.00000E-009,22.12249E+000
1,1,133,0.00000E+000,5.70000E-012,22.29085E+000,5.54400E+000,9.13700E-006,22.29085E+000
1,1,134,0.00000E+000,3.90000E-012,22.45910E+000,5.58600E+000,12.99900E-006,22.45910E+000
1,1,135,0.00000E+000,16.60000E-012,22.62733E+000,5.62800E+000,14.40100E-006,22.62733E+000
1,1,136,0.00000E+000,15.00000E-012,22.79558E+000,5.67000E+000,10.42000E-006,22.79558E+000
1,1,137,0.00000E+000,17.50000E-012,22.96383E+000,5.71200E+000,3.13100E-006,22.96383E+000
1,1,138,0.00000E+000,18.90000E-012,23.13209E+000,5.75400E+000,-5.24800E-006,23.13209E+000
1,1,139,0.00000E+000,20.10000E-012,23.30036E+000,5.79600E+000,-10.81000E-006,23.30036E+000
1,1,140,0.00000E+000,17.40000E-012,23.46858E+000,5.83800E+000,-15.13800E-006,23.46858E+000
1,1,141,0.00000E+000,12.60000E-012,23.63684E+000,5.88000E+000,-13.12500E-006,23.63684E+000
1,1,142,0.00000E+000,16.80000E-012,23.80510E+000,5.92200E+000,-6.25700E-006,23.80510E+000
1,1,143,0.00000E+000,17.20000E-012,23.97333E+000,5.96400E+000,1.66800E-006,23.97333E+000
1,1,144,0.00000E+000,15.40000E-012,24.14158E+000,6.00600E+000,9.39300E-006,24.14158E+000
1,1,145,0.00000E+000,21.00000E-012,24.30985E+000,6.04800E+000,13.37000E-006,24.30985E+000
1,1,146,0.00000E+000,24.20000E-012,24.47809E+000,6.09000E+000,13.92500E-006,24.47809E+000
1,1,147,0.00000E+000,22.90000E-012,24.64632E+000,6.13200E+000,9.33700E-006,24.64632E+000
1,1,148,0.00000E+000,25.80000E-012,24.81458E+000,6.17400E+000,2.50500E-006,24.81458E+000
1,1,149,0.00000E+000,26.00000E-012,24.98283E+000,6.21600E+000,-6.44700E-006,24.98283E+000
1,1,150,0.00000E+000,26.40000E-012,25.15108E+000,6.25800E+000,-11.49500E-006,25.15108E+000
1,1,151,0.00000E+000,26.20000E-012,25.31934E+000,6.30000E+000,-14.79800E-006,25.31934E+000
1,1,152,0.00000E+000,21.20000E-012,25.48847E+000,6.34190E+000,-8.63200E-006,25.48847E+000
1,1,153,0.00000E+000,25.40000E-012,25.65670E+000,6.38400E+000,-1.49500E-006,25.65670E+000
1,1,154,0.00000E+000,11.60000E-012,25.82496E+000,6.42600E+000,7.79800E-006,25.82496E+000
1,1,155,0.00000E+000,23.30000E-012,25.99330E+000,6.46800E+000,12.66700E-006,25.99330E+000
1,1,156,0.00000E+000,23.80000E-012,26.16153E+000,6.51000E+000,14.83000E-006,26.16153E+000
1,1,157,0.00000E+000,25.90000E-012,26.32978E+000,6.55200E+000,11.57900E-006,26.32978E+000
1,1,158,0.00000E+000,21.90000E-012,26.49803E+000,6.59400E+000,4.13700E-006,26.49803E+000
1,1,159,0.00000E+000,21.70000E-012,26.66627E+000,6.63600E+000,-4.19800E-006,26.66627E+000
1,1,160,0.00000E+000,21.00000E-012,26.83454E+000,6.67800E+000,-10.04800E-006,26.83454E+000
1,1,161,0.00000E+000,17.20000E-012,27.00277E+000,6.72000E+000,-14.50700E-006,27.00277E+000
1,1,162,0.00000E+000,51.80000E-012,27.17102E+000,6.76200E+000,-13.76900E-006,27.17102E+000
1,1,163,0.00000E+000,30.40000E-012,27.33942E+000,6.80400E+000,-6.28900E-006,27.33942E+000
1,1,164,0.00000E+000,28.40000E-012,27.50767E+000,6.84600E+000,1.65000E-006,27.50767E+000
1,1,165,0.00000E+000,17.20000E-012,27.67590E+000,6.88800E+000,9.40300E-006,27.67590E+000
1,1,166,0.00000E+000,15.40000E-012,27.84417E+000,6.93000E+000,13.55000E-006,27.84417E+000
1,1,167,0.00000E+000,13.60000E-012,28.01243E+000,6.97200E+000,13.84500E-006,28.01243E+000
1,1,168,0.00000E+000,20.00000E-012,28.18066E+000,7.01400E+000,9.38200E-006,28.18066E+000
1,1,169,0.00000E+000,26.80000E-012,28.34891E+000,7.05600E+000,2.47700E-006,28.34891E+000
1,1,170,0.00000E+000,33.90000E-012,28.51715E+000,7.09800E+000,-6.35600E-006,28.51715E+000
1,1,171,0.00000E+000,47.80000E-012,28.68540E+000,7.14000E+000,-11.50700E-006,28.68540E+000
1,1,172,0.00000E+000,31.60000E-012,28.85367E+000,7.18200E+000,-14.78300E-006,28.85367E+000
1,1,173,0.00000E+000,20.10000E-012,29.02191E+000,7.22400E+000,-12.64100E-006,29.02191E+000
1,1,174,0.00000E+000,18.30000E-012,29.19027E+000,7.26600E+000,-4.74200E-006,29.19027E+000
1,1,175,0.00000E+000,17.50000E-012,29.36022E+000,7.30800E+000,10.15200E-006,29.36022E+000
1,1,176,0.00000E+000,15.60000E-012,29.52847E+000,7.35000E+000,14.74000E-006,29.52847E+000
1,1,177,0.00000E+000,15.70000E-012,29.69670E+000,7.39200E+000,13.58900E-006,29.69670E+000
1,1,178,0.00000E+000,14.40000E-012,29.86496E+000,7.43400E+000,7.17000E-006,29.86496E+000
1,1,179,0.00000E+000,15.90000E-012,30.03320E+000,7.47600E+000,-602.00000E-009,30.03320E+000
1,1,180,0.00000E+000,15.90000E-012,30.20145E+000,7.51800E+000,-9.08600E-006,30.20145E+000
1,1,181,100.00000E-009,14.10000E-012,30.36973E+000,7.56000E+000,-13.17300E-006,30.36973E+000
1,1,182,0.00000E+000,16.40000E-012,30.53798E+000,7.60200E+000,-14.28200E-006,30.53798E+000
1,1,183,0.00000E+000,14.10000E-012,30.70623E+000,7.64400E+000,-9.55000E-006,30.70623E+000
1,1,184,0.00000E+000,14.10000E-012,30.87453E+000,7.68600E+000,-2.56600E-006,30.87453E+000
1,1,185,0.00000E+000,13.30000E-012,31.04354E+000,7.72800E+000,9.54700E-006,31.04354E+000
1,1,186,0.00000E+000,13.90000E-012,31.21178E+000,7.77000E+000,13.35800E-006,31.21178E+000
1,1,187,0.00000E+000,14.50000E-012,31.38005E+000,7.81200E+000,13.68900E-006,31.38005E+000
1,1,188,0.00000E+000,14.20000E-012,31.54829E+000,7.85400E+000,9.12600E-006,31.54829E+000
1,1,189,0.00000E+000,12.60000E-012,31.71653E+000,7.89600E+000,2.09500E-006,31.71653E+000
1,1,190,0.00000E+000,13.60000E-012,31.88482E+000,7.93800E+000,-7.34800E-006,31.88482E+000
1,1,191,0.00000E+000,11.00000E-012,32.05304E+000,7.98000E+000,-12.00600E-006,32.05304E+000
1,1,192,0.00000E+000,15.80000E-012,32.22139E+000,8.02200E+000,-14.74700E-006,32.22139E+000
1,1,193,0.00000E+000,13.10000E-012,32.38969E+000,8.06400E+000,-11.48000E-006,32.38969E+000
1,1,194,0.00000E+000,12.30000E-012,32.55792E+000,8.10600E+000,-3.90100E-006,32.55792E+000
1,1,195,0.00000E+000,13.40000E-012,32.72615E+000,8.14800E+000,4.34900E-006,32.72615E+000
1,1,196,0.00000E+000,13.60000E-012,32.89454E+000,8.19000E+000,10.46100E-006,32.89454E+000
1,1,197,0.00000E+000,13.10000E-012,33.06279E+000,8.23200E+000,15.08500E-006,33.06279E+000
1,1,198,0.00000E+000,12.40000E-012,33.23103E+000,8.27400E+000,13.14000E-006,33.23103E+000
1,1,199,0.00000E+000,10.00000E-012,33.39928E+000,8.31600E+000,6.46800E-006,33.39928E+000
1,1,200,0.00000E+000,15.80000E-012,33.56752E+000,8.35800E+000,-1.54900E-006,33.56752E+000
1,1,201,0.00000E+000,14.40000E-012,33.73577E+000,8.40000E+000,-9.38800E-006,33.73577E+000
1,1,202,0.00000E+000,13.90000E-012,33.90406E+000,8.44200E+000,-13.26700E-006,33.90406E+000
1,1,203,0.00000E+000,14.40000E-012,34.07237E+000,8.48400E+000,-13.55400E-006,34.07237E+000
1,1,204,0.00000E+000,11.50000E-012,34.24062E+000,8.52600E+000,-8.81500E-006,34.24062E+000
1,1,205,0.00000E+000,12.80000E-012,34.40891E+000,8.56800E+000,-1.60800E-006,34.40891E+000
1,1,206,0.00000E+000,16.80000E-012,34.57716E+000,8.61000E+000,7.86800E-006,34.57716E+000
1,1,207,0.00000E+000,17.40000E-012,34.74541E+000,8.65200E+000,12.41700E-006,34.74541E+000
1,1,208,0.00000E+000,15.20000E-012,34.91370E+000,8.69400E+000,14.72800E-006,34.91370E+000
1,1,209,0.00000E+000,15.60000E-012,35.08196E+000,8.73600E+000,11.55400E-006,35.08196E+000
1,1,210,0.00000E+000,18.10000E-012,35.25019E+000,8.77800E+000,4.14000E-006,35.25019E+000
1,1,211,0.00000E+000,18.90000E-012,35.41859E+000,8.82000E+000,-5.36600E-006,35.41859E+000
1,1,212,0.00000E+000,18.10000E-012,35.58686E+000,8.86200E+000,-10.79400E-006,35.58686E+000
1,1,213,0.00000E+000,19.10000E-012,35.77924E+000,8.90400E+000,13.06300E-006,35.77924E+000
1,1,214,0.00000E+000,18.80000E-012,35.94747E+000,8.94600E+000,14.42000E-006,35.94747E+000
1,1,215,0.00000E+000,20.90000E-012,36.11570E+000,8.98800E+000,10.14000E-006,36.11570E+000
1,1,216,0.00000E+000,20.40000E-012,36.29012E+000,9.03000E+000,-12.91300E-006,36.29012E+000
1,1,217,0.00000E+000,31.10000E-012,36.45836E+000,9.07200E+000,-5.87200E-006,36.45836E+000
1,1,218,0.00000E+000,20.70000E-012,36.62660E+000,9.11400E+000,2.11400E-006,36.62660E+000
1,1,219,0.00000E+000,22.90000E-012,36.79498E+000,9.15600E+000,9.66300E-006,36.79498E+000
1,1,220,0.00000E+000,25.70000E-012,36.96322E+000,9.19800E+000,12.50600E-006,36.96322E+000
1,1,221,0.00000E+000,24.80000E-012,37.13146E+000,9.24000E+000,13.60400E-006,37.13146E+000
1,1,222,0.00000E+000,27.90000E-012,37.29978E+000,9.28200E+000,8.24500E-006,37.29978E+000
1,1,223,0.00000E+000,24.30000E-012,37.46803E+000,9.32400E+000,574.00000E-009,37.46803E+000
1,1,224,0.00000E+000,24.30000E-012,37.63629E+000,9.36600E+000,-8.43600E-006,37.63629E+000
1,1,225,0.00000E+000,28.50000E-012,37.80455E+000,9.40800E+000,-12.84100E-006,37.80455E+000
1,1,226,0.00000E+000,28.80000E-012,37.97277E+000,9.45000E+000,-14.67600E-006,37.97277E+000
1,1,227,0.00000E+000,30.10000E-012,38.14102E+000,9.49200E+000,-11.01100E-006,38.14102E+000
1,1,228,0.00000E+000,28.40000E-012,38.30930E+000,9.53400E+000,-3.47100E-006,38.30930E+000
1,1,229,0.00000E+000,32.20000E-012,38.47754E+000,9.57600E+000,4.91800E-006,38.47754E+000
1,1,230,0.00000E+000,33.20000E-012,38.64577E+000,9.61800E+000,10.38300E-006,38.64577E+000
1,1,231,0.00000E+000,36.10000E-012,38.81403E+000,9.66000E+000,15.03800E-006,38.81403E+000
1,1,232,0.00000E+000,37.70000E-012,38.98238E+000,9.70200E+000,12.85500E-006,38.98238E+000
1,1,233,0.00000E+000,38.70000E-012,39.15061E+000,9.74400E+000,6.07800E-006,39.15061E+000
1,1,234,0.00000E+000,37.00000E-012,39.31897E+000,9.78600E+000,-2.62000E-006,39.31897E+000
1,1,235,0.00000E+000,40.90000E-012,39.48731E+000,9.82800E+000,-9.72700E-006,39.48731E+000
1,1,236,0.00000E+000,43.10000E-012,39.65555E+000,9.87000E+000,-13.51300E-006,39.65555E+000
1,1,237,0.00000E+000,43.70000E-012,39.82381E+000,9.91200E+000,-14.17400E-006,39.82381E+000
1,1,238,0.00000E+000,47.20000E-012,39.99215E+000,9.95400E+000,-7.65400E-006,39.99215E+000
1,1,239,0.00000E+000,46.90000E-012,40.16039E+000,9.99600E+000,-98.00000E-009,40.16039E+000
1,1,240,0.00000E+000,49.50000E-012,40.32866E+000,10.03800E+000,8.85700E-006,40.32866E+000
1,1,241,0.00000E+000,49.50000E-012,40.49698E+000,10.08000E+000,13.06000E-006,40.49698E+000
1,1,242,0.00000E+000,53.20000E-012,40.66523E+000,10.12200E+000,14.16300E-006,40.66523E+000
1,1,243,0.00000E+000,51.20000E-012,40.83350E+000,10.16400E+000,9.89400E-006,40.83350E+000
1,1,244,0.00000E+000,58.00000E-012,41.00180E+000,10.20600E+000,2.78500E-006,41.00180E+000
1,1,245,0.00000E+000,57.70000E-012,41.17005E+000,10.24800E+000,-6.11900E-006,41.17005E+000
1,1,246,0.00000E+000,60.60000E-012,41.33833E+000,10.29000E+000,-11.42400E-006,41.33833E+000
1,1,247,0.00000E+000,59.50000E-012,41.50662E+000,10.33200E+000,-14.77300E-006,41.50662E+000
1,1,248,0.00000E+000,61.10000E-012,41.67486E+000,10.37400E+000,-12.60700E-006,41.67486E+000
1,1,249,0.00000E+000,63.70000E-012,41.84313E+000,10.41600E+000,-4.99300E-006,41.84313E+000
1,1,250,0.00000E+000,69.10000E-012,42.01148E+000,10.45800E+000,4.10000E-006,42.01148E+000
1,1,251,0.00000E+000,66.40000E-012,42.17972E+000,10.50000E+000,9.89100E-006,42.17972E+000
1,1,252,0.00000E+000,73.50000E-012,42.34796E+000,10.54200E+000,14.16000E-006,42.34796E+000
1,1,253,0.00000E+000,77.30000E-012,42.51629E+000,10.58400E+000,13.62400E-006,42.51629E+000
1,1,254,0.00000E+000,79.00000E-012,42.68454E+000,10.62600E+000,7.05600E-006,42.68454E+000
1,1,255,0.00000E+000,84.50000E-012,42.85280E+000,10.66800E+000,-1.02600E-006,42.85280E+000
1,1,256,0.00000E+000,81.60000E-012,43.02104E+000,10.71000E+000,-9.25800E-006,43.02104E+000
1,1,257,0.00000E+000,82.30000E-012,43.18942E+000,10.75200E+000,-13.27500E-006,43.18942E+000
1,1,258,0.00000E+000,85.20000E-012,43.35769E+000,10.79400E+000,-13.63700E-006,43.35769E+000
1,1,259,0.00000E+000,87.10000E-012,43.52593E+000,10.83600E+000,-8.91100E-006,43.52593E+000
1,1,260,0.00000E+000,92.40000E-012,43.69416E+000,10.87800E+000,-2.06300E-006,43.69416E+000
1,1,261,0.00000E+000,101.70000E-012,43.86243E+000,10.92000E+000,7.63500E-006,43.86243E+000
1,1,262,0.00000E+000,99.10000E-012,44.03069E+000,10.96200E+000,12.23600E-006,44.03069E+000
1,1,263,0.00000E+000,100.50000E-012,44.19893E+000,11.00400E+000,14.74500E-006,44.19893E+000
1,1,264,0.00000E+000,353.00000E-012,44.36718E+000,11.04600E+000,12.12800E-006,44.36718E+000
1,1,265,500.00000E-009,124.60000E-012,44.53558E+000,11.08800E+000,3.76800E-006,44.53558E+000
1,1,266,-100.00000E-009,109.20000E-012,44.70382E+000,11.13000E+000,-4.66700E-006,44.70382E+000
1,1,267,0.00000E+000,110.70000E-012,44.87208E+000,11.17200E+000,-10.38200E-006,44.87208E+000
1,1,268,0.00000E+000,109.10000E-012,45.04031E+000,11.21400E+000,-14.83900E-006,45.04031E+000
1,1,269,0.00000E+000,111.30000E-012,45.20857E+000,11.25600E+000,-13.21700E-006,45.20857E+000
1,1,270,0.00000E+000,103.30000E-012,45.37685E+000,11.29800E+000,-6.32900E-006,45.37685E+000
1,1,271,0.00000E+000,101.20000E-012,45.54508E+000,11.34000E+000,1.64900E-006,45.54508E+000
1,1,272,0.00000E+000,101.70000E-012,45.71330E+000,11.38200E+000,9.44600E-006,45.71330E+000
1,1,273,0.00000E+000,100.50000E-012,45.88158E+000,11.42400E+000,13.35700E-006,45.88158E+000
1,1,274,0.00000E+000,96.70000E-012,46.04981E+000,11.46600E+000,13.83000E-006,46.04981E+000
1,1,275,0.00000E+000,94.50000E-012,46.21805E+000,11.50800E+000,9.22800E-006,46.21805E+000
1,1,276,0.00000E+000,88.20000E-012,46.38630E+000,11.55000E+000,2.27300E-006,46.38630E+000
1,1,277,0.00000E+000,85.20000E-012,46.55456E+000,11.59200E+000,-6.90000E-006,46.55456E+000
1,1,278,0.00000E+000,79.80000E-012,46.72281E+000,11.63400E+000,-11.72900E-006,46.72281E+000
1,1,279,0.00000E+000,74.30000E-012,46.89108E+000,11.67600E+000,-14.73400E-006,46.89108E+000
1,1,280,300.00000E-009,77.70000E-012,47.05931E+000,11.71800E+000,-12.44400E-006,47.05931E+000
1,1,281,-100.00000E-009,64.60000E-012,47.22756E+000,11.76000E+000,-4.76700E-006,47.22756E+000
1,1,282,0.00000E+000,63.60000E-012,47.39585E+000,11.80200E+000,3.86000E-006,47.39585E+000
1,1,283,0.00000E+000,60.30000E-012,47.56408E+000,11.84400E+000,9.75200E-006,47.56408E+000
1,1,284,0.00000E+000,56.60000E-012,47.73324E+000,11.88600E+000,14.44100E-006,47.73324E+000
1,1,285,0.00000E+000,59.20000E-012,47.90158E+000,11.92800E+000,9.81500E-006,47.90158E+000
1,1,286,0.00000E+000,62.50000E-012,48.06983E+000,11.97000E+000,2.84600E-006,48.06983E+000
1,1,287,100.00000E-009,58.00000E-012,48.23808E+000,12.01200E+000,-5.82600E-006,48.23808E+000
1,1,288,0.00000E+000,51.20000E-012,48.40635E+000,12.05400E+000,-11.26200E-006,48.40635E+000
1,1,289,0.00000E+000,50.70000E-012,48.57458E+000,12.09600E+000,-14.90700E-006,48.57458E+000
1,1,290,0.00000E+000,45.60000E-012,48.74283E+000,12.13800E+000,-12.76900E-006,48.74283E+000
1,1,291,0.00000E+000,44.50000E-012,48.91111E+000,12.18000E+000,-5.29800E-006,48.91111E+000
1,1,292,0.00000E+000,42.40000E-012,49.07933E+000,12.22200E+000,2.65200E-006,49.07933E+000
1,1,293,0.00000E+000,41.30000E-012,49.24757E+000,12.26400E+000,9.74400E-006,49.24757E+000
1,1,294,0.00000E+000,39.80000E-012,49.41585E+000,12.30600E+000,13.46300E-006,49.41585E+000
1,1,295,0.00000E+000,43.80000E-012,49.58408E+000,12.34800E+000,13.71000E-006,49.58408E+000
1,1,296,0.00000E+000,33.30000E-012,49.75233E+000,12.39000E+000,8.49400E-006,49.75233E+000
1,1,297,0.00000E+000,34.20000E-012,49.92061E+000,12.43200E+000,568.00000E-009,49.92061E+000
1,1,298,0.00000E+000,35.80000E-012,50.08884E+000,12.47400E+000,-8.34300E-006,50.08884E+000
1,1,299,0.00000E+000,26.20000E-012,50.25709E+000,12.51600E+000,-12.81200E-006,50.25709E+000
1,1,300,0.00000E+000,31.80000E-012,50.42538E+000,12.55800E+000,-14.61600E-006,50.42538E+000
1,1,301,0.00000E+000,31.50000E-012,50.59361E+000,12.60000E+000,-10.65100E-006,50.59361E+000
1,1,302,0.00000E+000,30.50000E-012,50.76183E+000,12.64200E+000,-3.42900E-006,50.76183E+000
1,1,303,0.00000E+000,30.40000E-012,50.93011E+000,12.68400E+000,5.30500E-006,50.93011E+000
1,1,304,0.00000E+000,27.30000E-012,51.09836E+000,12.72600E+000,10.78000E-006,51.09836E+000
1,1,305,0.00000E+000,33.70000E-012,51.26661E+000,12.76800E+000,15.06000E-006,51.26661E+000
1,1,306,0.00000E+000,28.50000E-012,51.43488E+000,12.81000E+000,12.85000E-006,51.43488E+000
1,1,307,0.00000E+000,27.70000E-012,51.60311E+000,12.85200E+000,5.94800E-006,51.60311E+000
1,1,308,0.00000E+000,28.60000E-012,51.77135E+000,12.89400E+000,-2.15100E-006,51.77135E+000
1,1,309,0.00000E+000,27.50000E-012,51.93965E+000,12.93600E+000,-9.66500E-006,51.93965E+000
1,1,310,0.00000E+000,46.40000E-012,52.10846E+000,12.97800E+000,-15.07200E-006,52.10846E+000
1,1,311,0.00000E+000,46.00000E-012,52.27671E+000,13.02000E+000,-12.86500E-006,52.27671E+000
1,1,312,0.00000E+000,36.90000E-012,52.44502E+000,13.06200E+000,-5.28300E-006,52.44502E+000
1,1,313,-100.00000E-009,33.40000E-012,52.61327E+000,13.10400E+000,3.06300E-006,52.61327E+000
1,1,314,0.00000E+000,50.10000E-012,52.78153E+000,13.14600E+000,9.76100E-006,52.78153E+000
1,1,315,0.00000E+000,28.30000E-012,52.94982E+000,13.18800E+000,13.73200E-006,52.94982E+000
1,1,316,0.00000E+000,15.70000E-012,53.11806E+000,13.23000E+000,13.91500E-006,53.11806E+000
1,1,317,0.00000E+000,12.30000E-012,53.28629E+000,13.27200E+000,7.97000E-006,53.28629E+000
1,1,318,0.00000E+000,21.00000E-012,53.45457E+000,13.31400E+000,-74.00000E-009,53.45457E+000
1,1,319,0.00000E+000,25.00000E-012,53.62281E+000,13.35600E+000,-8.85900E-006,53.62281E+000
1,1,320,0.00000E+000,27.40000E-012,53.79110E+000,13.39800E+000,-13.03100E-006,53.79110E+000
1,1,321,0.00000E+000,27.10000E-012,53.95935E+000,13.44000E+000,-14.24000E-006,53.95935E+000
1,1,322,0.00000E+000,32.00000E-012,54.12793E+000,13.48200E+000,-8.52100E-006,54.12793E+000
1,1,323,0.00000E+000,32.30000E-012,54.31815E+000,13.52400E+000,13.81500E-006,54.31815E+000
1,1,324,0.00000E+000,34.00000E-012,54.48638E+000,13.56600E+000,8.27100E-006,54.48638E+000
1,1,325,0.00000E+000,40.00000E-012,54.65462E+000,13.60800E+000,415.00000E-009,54.65462E+000
1,1,326,0.00000E+000,38.20000E-012,54.82963E+000,13.65000E+000,-626.00000E-009,54.82963E+000
1,1,327,0.00000E+000,39.10000E-012,54.99789E+000,13.69200E+000,8.67200E-006,54.99789E+000
1,1,328,0.00000E+000,39.10000E-012,55.16613E+000,13.73400E+000,12.91000E-006,55.16613E+000
1,1,329,0.00000E+000,39.10000E-012,55.33439E+000,13.77600E+000,14.42400E-006,55.33439E+000
1,1,330,0.00000E+000,41.60000E-012,55.50274E+000,13.81800E+000,9.82700E-006,55.50274E+000
1,1,331,0.00000E+000,47.00000E-012,55.67099E+000,13.86000E+000,2.91300E-006,55.67099E+000
1,1,332,0.00000E+000,46.20000E-012,55.83926E+000,13.90200E+000,-6.40400E-006,55.83926E+000
1,1,333,0.00000E+000,47.30000E-012,56.00762E+000,13.94400E+000,-12.00500E-006,56.00762E+000
1,1,334,0.00000E+000,50.00000E-012,56.17587E+000,13.98600E+000,-14.78000E-006,56.17587E+000
1,1,335,0.00000E+000,51.60000E-012,56.34415E+000,14.02800E+000,-11.94900E-006,56.34415E+000
1,1,336,0.00000E+000,53.70000E-012,56.51239E+000,14.07000E+000,-4.07100E-006,56.51239E+000
1,1,337,100.00000E-009,56.00000E-012,56.68062E+000,14.11200E+000,4.38000E-006,56.68062E+000
1,1,338,100.00000E-009,59.70000E-012,56.84888E+000,14.15400E+000,10.17100E-006,56.84888E+000
1,1,339,0.00000E+000,66.00000E-012,57.01714E+000,14.19600E+000,14.98500E-006,57.01714E+000
1,1,340,0.00000E+000,64.30000E-012,57.18538E+000,14.23800E+000,13.22200E-006,57.18538E+000
1,1,341,0.00000E+000,66.10000E-012,57.35378E+000,14.28000E+000,5.65100E-006,57.35378E+000
1,1,342,0.00000E+000,72.30000E-012,57.52203E+000,14.32200E+000,-2.72100E-006,57.52203E+000
1,1,343,0.00000E+000,67.30000E-012,57.69029E+000,14.36400E+000,-9.78200E-006,57.69029E+000
1,1,344,0.00000E+000,61.80000E-012,57.85855E+000,14.40600E+000,-13.53200E-006,57.85855E+000
1,1,345,0.00000E+000,60.30000E-012,58.02679E+000,14.44800E+000,-13.88700E-006,58.02679E+000
1,1,346,-100.00000E-009,13.70000E-012,58.19505E+000,14.49000E+000,-7.65500E-006,58.19505E+000
1,1,347,100.00000E-009,189.90000E-012,58.36333E+000,14.53200E+000,446.00000E-009,58.36333E+000
1,1,348,0.00000E+000,109.80000E-012,58.53168E+000,14.57400E+000,9.36800E-006,58.53168E+000
1,1,349,0.00000E+000,54.70000E-012,58.69991E+000,14.61600E+000,13.55600E-006,58.69991E+000
1,1,350,0.00000E+000,75.60000E-012,58.86828E+000,14.65800E+000,13.58000E-006,58.86828E+000
1,1,351,0.00000E+000,83.70000E-012,59.03652E+000,14.70000E+000,8.67300E-006,59.03652E+000
1,1,352,0.00000E+000,94.60000E-012,59.20474E+000,14.74200E+000,1.58100E-006,59.20474E+000
1,1,353,0.00000E+000,181.60000E-012,59.37303E+000,14.78400E+000,-8.11400E-006,59.37303E+000
1,1,354,0.00000E+000,149.40000E-012,59.54128E+000,14.82600E+000,-12.71900E-006,59.54128E+000
1,1,355,100.00000E-009,110.70000E-012,59.70952E+000,14.86800E+000,-14.67900E-006,59.70952E+000
1,1,356,0.00000E+000,89.60000E-012,59.87788E+000,14.91000E+000,-10.05700E-006,59.87788E+000
1,1,357,0.00000E+000,74.70000E-012,60.04612E+000,14.95200E+000,-2.80500E-006,60.04612E+000
1,1,358,0.00000E+000,107.70000E-012,60.21438E+000,14.99400E+000,6.05100E-006,60.21438E+000
1,1,359,0.00000E+000,114.70000E-012,60.38273E+000,15.03600E+000,11.83300E-006,60.38273E+000
1,1,360,0.00000E+000,144.20000E-012,60.55096E+000,15.07800E+000,14.73900E-006,60.55096E+000
1,1,361,0.00000E+000,145.60000E-012,60.71922E+000,15.12000E+000,12.26100E-006,60.71922E+000
1,1,362,0.00000E+000,155.00000E-012,60.88758E+000,15.16200E+000,4.02100E-006,60.88758E+000
1,1,363,0.00000E+000,165.10000E-012,61.05581E+000,15.20400E+000,-4.61900E-006,61.05581E+000
1,1,364,0.00000E+000,193.50000E-012,61.22407E+000,15.24600E+000,-10.47300E-006,61.22407E+000
1,1,365,0.00000E+000,203.20000E-012,61.39242E+000,15.28800E+000,-15.00300E-006,61.39242E+000
1,1,366,100.00000E-009,147.00000E-012,61.56067E+000,15.33000E+000,-12.73200E-006,61.56067E+000
1,1,367,0.00000E+000,110.90000E-012,61.72890E+000,15.37200E+000,-5.26900E-006,61.72890E+000
1,1,368,0.00000E+000,149.10000E-012,61.89725E+000,15.41400E+000,3.70700E-006,61.89725E+000
1,1,369,0.00000E+000,172.70000E-012,62.06551E+000,15.45600E+000,9.88900E-006,62.06551E+000
1,1,370,0.00000E+000,167.30000E-012,62.23375E+000,15.49800E+000,14.50500E-006,62.23375E+000
1,1,371,0.00000E+000,174.50000E-012,62.40206E+000,15.54000E+000,13.37000E-006,62.40206E+000
1,1,372,0.00000E+000,196.60000E-012,62.57031E+000,15.58200E+000,6.54000E-006,62.57031E+000
1,1,373,0.00000E+000,195.40000E-012,62.73855E+000,15.62400E+000,-1.70300E-006,62.73855E+000
1,1,374,0.00000E+000,195.20000E-012,62.90686E+000,15.66600E+000,-9.65100E-006,62.90686E+000
1,1,375,0.00000E+000,206.10000E-012,63.07511E+000,15.70800E+000,-13.34100E-006,63.07511E+000
1,1,376,0.00000E+000,221.60000E-012,63.24335E+000,15.75000E+000,-13.76300E-006,63.24335E+000
1,1,377,0.00000E+000,219.00000E-012,63.41174E+000,15.79190E+000,-7.48700E-006,63.41174E+000
1,1,378,0.00000E+000,200.20000E-012,63.58010E+000,15.83400E+000,1.20000E-006,63.58010E+000
1,1,379,0.00000E+000,206.20000E-012,63.74834E+000,15.87600E+000,9.36100E-006,63.74834E+000
1,1,380,0.00000E+000,259.20000E-012,63.91670E+000,15.91800E+000,13.42400E-006,63.91670E+000
1,1,381,100.00000E-009,237.10000E-012,64.08494E+000,15.96000E+000,13.73400E-006,64.08494E+000
1,1,382,0.00000E+000,230.80000E-012,64.25317E+000,16.00200E+000,8.67500E-006,64.25317E+000
1,1,383,0.00000E+000,219.30000E-012,64.42142E+000,16.04400E+000,1.07500E-006,64.42142E+000
1,1,384,0.00000E+000,211.60000E-012,64.58967E+000,16.08600E+000,-8.28600E-006,64.58967E+000
1,1,385,0.00000E+000,201.50000E-012,64.75790E+000,16.12800E+000,-12.81200E-006,64.75790E+000
1,1,386,0.00000E+000,198.40000E-012,64.92616E+000,16.17000E+000,-14.62300E-006,64.92616E+000
1,1,387,0.00000E+000,213.20000E-012,65.09439E+000,16.21200E+000,-10.37000E-006,65.09439E+000
1,1,388,0.00000E+000,219.90000E-012,65.26264E+000,16.25400E+000,-3.09900E-006,65.26264E+000
1,1,389,0.00000E+000,187.30000E-012,65.43111E+000,16.29600E+000,7.30600E-006,65.43111E+000
1,1,390,0.00000E+000,197.00000E-012,65.59935E+000,16.33800E+000,12.21600E-006,65.59935E+000
1,1,391,0.00000E+000,187.50000E-012,65.76759E+000,16.38000E+000,14.71400E-006,65.76759E+000
1,1,392,0.00000E+000,179.20000E-012,65.93607E+000,16.42200E+000,10.28300E-006,65.93607E+000
1,1,393,0.00000E+000,172.50000E-012,66.10430E+000,16.46400E+000,3.11800E-006,66.10430E+000
1,1,394,0.00000E+000,165.70000E-012,66.27255E+000,16.50600E+000,-5.83400E-006,66.27255E+000
1,1,395,0.00000E+000,147.70000E-012,66.44084E+000,16.54800E+000,-11.45200E-006,66.44084E+000
1,1,396,0.00000E+000,154.80000E-012,66.60907E+000,16.59000E+000,-14.75800E-006,66.60907E+000
1,1,397,0.00000E+000,137.40000E-012,66.77730E+000,16.63200E+000,-12.49900E-006,66.77730E+000
1,1,398,0.00000E+000,125.60000E-012,66.94557E+000,16.67400E+000,-4.68500E-006,66.94557E+000
1,1,399,0.00000E+000,119.60000E-012,67.11383E+000,16.71590E+000,3.94400E-006,67.11383E+000
1,1,400,0.00000E+000,117.70000E-012,67.28230E+000,16.75800E+000,10.77900E-006,67.28230E+000
1,1,401,0.00000E+000,116.90000E-012,67.45058E+000,16.80000E+000,15.16700E-006,67.45058E+000
1,1,402,0.00000E+000,103.60000E-012,67.61885E+000,16.84200E+000,12.65500E-006,67.61885E+000
1,1,403,0.00000E+000,102.30000E-012,67.78709E+000,16.88400E+000,5.43700E-006,67.78709E+000
1,1,404,0.00000E+000,99.50000E-012,67.95535E+000,16.92600E+000,-3.16900E-006,67.95535E+000
1,1,405,0.00000E+000,100.70000E-012,68.12356E+000,16.96800E+000,-9.74000E-006,68.12356E+000
1,1,406,0.00000E+000,91.10000E-012,68.29180E+000,17.01000E+000,-13.69800E-006,68.29180E+000
1,1,407,0.00000E+000,83.00000E-012,68.46009E+000,17.05200E+000,-13.82100E-006,68.46009E+000
1,1,408,0.00000E+000,81.50000E-012,68.62832E+000,17.09400E+000,-7.21300E-006,68.62832E+000
1,1,409,0.00000E+000,75.20000E-012,68.79655E+000,17.13600E+000,768.00000E-009,68.79655E+000
1,1,410,0.00000E+000,76.80000E-012,68.96482E+000,17.17800E+000,9.30800E-006,68.96482E+000
1,1,411,0.00000E+000,68.30000E-012,69.13307E+000,17.22000E+000,13.55200E-006,69.13307E+000
1,1,412,0.00000E+000,49.70000E-012,69.30130E+000,17.26200E+000,13.92600E-006,69.30130E+000
1,1,413,0.00000E+000,56.20000E-012,69.46957E+000,17.30400E+000,9.13400E-006,69.46957E+000
1,1,414,0.00000E+000,49.40000E-012,69.63779E+000,17.34600E+000,2.02600E-006,69.63779E+000
1,1,415,0.00000E+000,35.80000E-012,69.80618E+000,17.38800E+000,-8.23600E-006,69.80618E+000
1,1,416,0.00000E+000,51.50000E-012,69.97447E+000,17.43000E+000,-12.92300E-006,69.97447E+000
1,1,417,200.00000E-009,67.50000E-012,70.14271E+000,17.47200E+000,-14.50500E-006,70.14271E+000
1,1,418,-100.00000E-009,124.40000E-012,70.31095E+000,17.51400E+000,-10.19700E-006,70.31095E+000
1,1,419,0.00000E+000,163.10000E-012,70.47988E+000,17.55600E+000,950.00000E-009,70.47988E+000
1,1,420,-100.00000E-009,96.20000E-012,70.64813E+000,17.59790E+000,9.48900E-006,70.64813E+000
1,1,421,100.00000E-009,120.90000E-012,70.81637E+000,17.64000E+000,13.52400E-006,70.81637E+000
1,1,422,0.00000E+000,100.20000E-012,70.98464E+000,17.68200E+000,13.75400E-006,70.98464E+000
1,1,423,0.00000E+000,58.00000E-012,71.15288E+000,17.72400E+000,8.77700E-006,71.15288E+000
1,1,424,0.00000E+000,32.40000E-012,71.32114E+000,17.76600E+000,1.60900E-006,71.32114E+000
1,1,425,0.00000E+000,15.90000E-012,71.48942E+000,17.80800E+000,-8.11500E-006,71.48942E+000
1,1,426,0.00000E+000,18.00000E-012,71.65767E+000,17.85000E+000,-12.74400E-006,71.65767E+000
1,1,427,0.00000E+000,46.40000E-012,71.82592E+000,17.89200E+000,-14.58000E-006,71.82592E+000
1,1,428,0.00000E+000,42.30000E-012,71.99420E+000,17.93400E+000,-10.12100E-006,71.99420E+000
1,1,429,0.00000E+000,72.60000E-012,72.16246E+000,17.97600E+000,-2.79100E-006,72.16246E+000
1,1,430,0.00000E+000,49.40000E-012,72.33071E+000,18.01800E+000,6.35500E-006,72.33071E+000
1,1,431,0.00000E+000,77.30000E-012,72.49898E+000,18.06000E+000,11.63700E-006,72.49898E+000
1,1,432,0.00000E+000,96.10000E-012,72.66724E+000,18.10200E+000,14.77600E-006,72.66724E+000
1,1,433,100.00000E-009,100.20000E-012,72.85775E+000,18.14400E+000,-13.02700E-006,72.85775E+000
1,1,434,-100.00000E-009,53.60000E-012,73.02599E+000,18.18600E+000,-14.28500E-006,73.02599E+000
1,1,435,100.00000E-009,61.10000E-012,73.19424E+000,18.22800E+000,-9.42500E-006,73.19424E+000
1,1,436,0.00000E+000,56.30000E-012,73.37441E+000,18.27000E+000,-13.03300E-006,73.37441E+000
1,1,437,0.00000E+000,62.60000E-012,73.54299E+000,18.31200E+000,-13.79000E-006,73.54299E+000
1,1,438,0.00000E+000,61.80000E-012,73.71124E+000,18.35390E+000,-8.27200E-006,73.71124E+000
1,1,439,0.00000E+000,62.20000E-012,73.87956E+000,18.39600E+000,192.00000E-009,73.87956E+000
1,1,440,0.00000E+000,57.80000E-012,74.04780E+000,18.43800E+000,9.15300E-006,74.04780E+000
1,1,441,0.00000E+000,10.10000E-012,74.21603E+000,18.48000E+000,13.12100E-006,74.21603E+000
1,1,442,-100.00000E-009,43.80000E-012,74.38429E+000,18.52200E+000,14.13300E-006,74.38429E+000
1,1,443,0.00000E+000,67.20000E-012,74.55252E+000,18.56400E+000,9.52500E-006,74.55252E+000
1,1,444,0.00000E+000,71.80000E-012,74.72093E+000,18.60600E+000,1.75200E-006,74.72093E+000
1,1,445,0.00000E+000,79.90000E-012,74.88919E+000,18.64800E+000,-7.80300E-006,74.88919E+000
1,1,446,0.00000E+000,47.50000E-012,75.05745E+000,18.69000E+000,-12.63700E-006,75.05745E+000
1,1,447,0.00000E+000,75.60000E-012,75.22569E+000,18.73200E+000,-14.69700E-006,75.22569E+000
1,1,448,100.00000E-009,72.20000E-012,75.39405E+000,18.77400E+000,-9.95900E-006,75.39405E+000
1,1,449,0.00000E+000,97.60000E-012,75.56228E+000,18.81600E+000,-2.78700E-006,75.56228E+000
1,1,450,0.00000E+000,91.00000E-012,75.73054E+000,18.85790E+000,6.16800E-006,75.73054E+000
1,1,451,0.00000E+000,83.70000E-012,75.89880E+000,18.90000E+000,11.57400E-006,75.89880E+000
1,1,452,0.00000E+000,85.20000E-012,76.06705E+000,18.94200E+000,14.71000E-006,76.06705E+000
1,1,453,0.00000E+000,98.50000E-012,76.23529E+000,18.98400E+000,12.45900E-006,76.23529E+000
1,1,454,0.00000E+000,107.30000E-012,76.40355E+000,19.02600E+000,4.79100E-006,76.40355E+000
1,1,455,0.00000E+000,106.90000E-012,76.57179E+000,19.06800E+000,-3.82100E-006,76.57179E+000
1,1,456,0.00000E+000,106.20000E-012,76.74003E+000,19.11000E+000,-9.85200E-006,76.74003E+000
1,1,457,0.00000E+000,116.30000E-012,76.90834E+000,19.15200E+000,-14.80100E-006,76.90834E+000
1,1,458,0.00000E+000,107.10000E-012,77.07658E+000,19.19400E+000,-13.36600E-006,77.07658E+000
1,1,459,0.00000E+000,120.40000E-012,77.24482E+000,19.23600E+000,-6.43300E-006,77.24482E+000
1,1,460,0.00000E+000,122.00000E-012,77.41309E+000,19.27800E+000,1.85700E-006,77.41309E+000
1,1,461,0.00000E+000,117.80000E-012,77.58132E+000,19.32000E+000,9.48500E-006,77.58132E+000
1,1,462,0.00000E+000,121.40000E-012,77.74957E+000,19.36200E+000,13.38300E-006,77.74957E+000
1,1,463,0.00000E+000,112.40000E-012,77.91800E+000,19.40400E+000,13.82600E-006,77.91800E+000
1,1,464,0.00000E+000,109.10000E-012,78.08624E+000,19.44600E+000,7.78700E-006,78.08624E+000
1,1,465,0.00000E+000,105.20000E-012,78.25448E+000,19.48800E+000,53.00000E-009,78.25448E+000
1,1,466,0.00000E+000,133.40000E-012,78.42272E+000,19.53000E+000,-8.88100E-006,78.42272E+000
1,1,467,100.00000E-009,77.10000E-012,78.59097E+000,19.57200E+000,-13.04800E-006,78.59097E+000
1,1,468,0.00000E+000,47.30000E-012,78.75921E+000,19.61400E+000,-14.26700E-006,78.75921E+000
1,1,469,0.00000E+000,136.40000E-012,78.92747E+000,19.65600E+000,-9.42100E-006,78.92747E+000
1,1,470,0.00000E+000,184.30000E-012,79.09571E+000,19.69800E+000,-2.48300E-006,79.09571E+000
1,1,471,0.00000E+000,158.00000E-012,79.26396E+000,19.74000E+000,6.73200E-006,79.26396E+000
1,1,472,-100.00000E-009,157.10000E-012,79.43224E+000,19.78200E+000,11.95700E-006,79.43224E+000
1,1,473,100.00000E-009,168.00000E-012,79.60047E+000,19.82400E+000,14.74700E-006,79.60047E+000
1,1,474,0.00000E+000,182.60000E-012,79.76880E+000,19.86600E+000,11.74800E-006,79.76880E+000
1,1,475,0.00000E+000,192.10000E-012,79.93708E+000,19.90800E+000,3.89700E-006,79.93708E+000
1,1,476,0.00000E+000,205.40000E-012,80.10531E+000,19.95000E+000,-4.66000E-006,80.10531E+000
1,1,477,0.00000E+000,213.40000E-012,80.27356E+000,19.99200E+000,-10.41500E-006,80.27356E+000
1,1,478,0.00000E+000,230.00000E-012,80.44181E+000,20.03400E+000,-15.08300E-006,80.44181E+000
1,1,479,0.00000E+000,241.90000E-012,80.61006E+000,20.07600E+000,-12.91500E-006,80.61006E+000
1,1,480,0.00000E+000,246.20000E-012,80.77830E+000,20.11800E+000,-5.66100E-006,80.77830E+000
1,1,481,0.00000E+000,250.70000E-012,80.94670E+000,20.16000E+000,3.46400E-006,80.94670E+000
1,1,482,0.00000E+000,260.30000E-012,81.11493E+000,20.20200E+000,9.91400E-006,81.11493E+000
1,1,483,0.00000E+000,278.20000E-012,81.28317E+000,20.24400E+000,14.11800E-006,81.28317E+000
1,1,484,0.00000E+000,289.10000E-012,81.45143E+000,20.28600E+000,13.75900E-006,81.45143E+000
1,1,485,0.00000E+000,300.20000E-012,81.61967E+000,20.32800E+000,7.15900E-006,81.61967E+000
1,1,486,0.00000E+000,322.30000E-012,81.78792E+000,20.37000E+000,-952.00000E-009,81.78792E+000
1,1,487,0.00000E+000,330.50000E-012,81.95619E+000,20.41200E+000,-9.30000E-006,81.95619E+000
1,1,488,0.00000E+000,332.10000E-012,82.12445E+000,20.45400E+000,-13.24100E-006,82.12445E+000
1,1,489,0.00000E+000,338.60000E-012,82.29269E+000,20.49600E+000,-13.58900E-006,82.29269E+000
1,1,490,0.00000E+000,341.10000E-012,82.46095E+000,20.53800E+000,-8.76900E-006,82.46095E+000
1,1,491,0.00000E+000,346.30000E-012,82.62918E+000,20.58000E+000,-1.52900E-006,82.62918E+000
1,1,492,0.00000E+000,354.80000E-012,82.79742E+000,20.62200E+000,8.05300E-006,82.79742E+000
1,1,493,0.00000E+000,367.40000E-012,82.96570E+000,20.66400E+000,12.74500E-006,82.96570E+000
1,1,494,0.00000E+000,381.80000E-012,83.13393E+000,20.70600E+000,14.71200E-006,83.13393E+000
1,1,495,0.00000E+000,402.90000E-012,83.30218E+000,20.74800E+000,10.66200E-006,83.30218E+000
1,1,496,0.00000E+000,420.50000E-012,83.47059E+000,20.79000E+000,2.58200E-006,83.47059E+000
1,1,497,0.00000E+000,446.60000E-012,83.63883E+000,20.83200E+000,-6.63400E-006,83.63883E+000
1,1,498,-100.00000E-009,452.20000E-012,83.80706E+000,20.87400E+000,-11.77200E-006,83.80706E+000
1,1,499,100.00000E-009,838.90000E-012,83.97743E+000,20.91600E+000,-9.02600E-006,83.97743E+000
1,1,500,0.00000E+000,495.60000E-012,84.14567E+000,20.95800E+000,-1.99200E-006,84.14567E+000
1,1,501,0.00000E+000,515.00000E-012,84.31390E+000,21.00000E+000,7.62400E-006,84.31390E+000
1,1,502,0.00000E+000,452.70000E-012,84.48218E+000,21.04200E+000,12.56200E-006,84.48218E+000
1,1,503,0.00000E+000,526.30000E-012,84.65044E+000,21.08400E+000,14.72500E-006,84.65044E+000
1,1,504,100.00000E-009,428.20000E-012,84.81869E+000,21.12600E+000,11.03700E-006,84.81869E+000
1,1,505,-100.00000E-009,475.80000E-012,84.98695E+000,21.16800E+000,3.35800E-006,84.98695E+000
1,1,506,0.00000E+000,426.70000E-012,85.15518E+000,21.21000E+000,-5.26100E-006,85.15518E+000
1,1,507,0.00000E+000,368.70000E-012,85.32438E+000,21.25200E+000,-13.32400E-006,85.32438E+000
1,1,508,0.00000E+000,337.90000E-012,85.49266E+000,21.29400E+000,-13.80800E-006,85.49266E+000
1,1,509,300.00000E-009,335.00000E-012,85.66091E+000,21.33600E+000,-8.21900E-006,85.66091E+000
1,1,510,-200.00000E-009,249.70000E-012,85.82914E+000,21.37800E+000,-494.00000E-009,85.82914E+000
1,1,511,0.00000E+000,287.60000E-012,85.99739E+000,21.42000E+000,8.91700E-006,85.99739E+000
1,1,512,0.00000E+000,286.70000E-012,86.16561E+000,21.46200E+000,13.00300E-006,86.16561E+000
1,1,513,0.00000E+000,294.00000E-012,86.33386E+000,21.50400E+000,14.35300E-006,86.33386E+000
1,1,514,0.00000E+000,266.80000E-012,86.50214E+000,21.54600E+000,9.55700E-006,86.50214E+000
1,1,515,0.00000E+000,261.90000E-012,86.67069E+000,21.58800E+000,743.00000E-009,86.67069E+000
1,1,516,0.00000E+000,249.20000E-012,86.83894E+000,21.63000E+000,-8.58200E-006,86.83894E+000
1,1,517,0.00000E+000,235.40000E-012,87.00721E+000,21.67200E+000,-13.01400E-006,87.00721E+000
1,1,518,0.00000E+000,214.80000E-012,87.17545E+000,21.71400E+000,-14.26900E-006,87.17545E+000
1,1,519,0.00000E+000,202.10000E-012,87.34395E+000,21.75600E+000,-8.74500E-006,87.34395E+000
1,1,520,0.00000E+000,190.80000E-012,87.51222E+000,21.79800E+000,-920.00000E-009,87.51222E+000
1,1,521,0.00000E+000,162.20000E-012,87.68046E+000,21.84000E+000,8.54300E-006,87.68046E+000
1,1,522,0.00000E+000,137.00000E-012,87.84889E+000,21.88200E+000,13.16000E-006,87.84889E+000
1,1,523,0.00000E+000,97.90000E-012,88.01717E+000,21.92400E+000,13.86300E-006,88.01717E+000
1,1,524,0.00000E+000,53.10000E-012,88.18540E+000,21.96600E+000,9.19900E-006,88.18540E+000
1,1,525,100.00000E-009,-36.80000E-012,88.35363E+000,22.00800E+000,2.04200E-006,88.35363E+000
1,1,526,0.00000E+000,10.40000E-012,88.52197E+000,22.05000E+000,-8.24300E-006,88.52197E+000
1,1,527,0.00000E+000,31.70000E-012,88.69023E+000,22.09200E+000,-12.59700E-006,88.69023E+000
1,1,528,0.00000E+000,85.90000E-012,88.85848E+000,22.13400E+000,-14.45700E-006,88.85848E+000
1,1,529,0.00000E+000,87.00000E-012,89.02674E+000,22.17600E+000,-10.09500E-006,89.02674E+000
1,1,530,0.00000E+000,118.50000E-012,89.19515E+000,22.21800E+000,-2.28000E-006,89.19515E+000
1,1,531,0.00000E+000,148.40000E-012,89.36342E+000,22.26000E+000,7.39700E-006,89.36342E+000
1,1,532,100.00000E-009,99.10000E-012,89.53168E+000,22.30200E+000,12.35900E-006,89.53168E+000
1,1,533,0.00000E+000,95.50000E-012,89.69994E+000,22.34400E+000,14.72100E-006,89.69994E+000
1,1,534,0.00000E+000,77.40000E-012,89.86821E+000,22.38600E+000,11.05300E-006,89.86821E+000
1,1,535,0.00000E+000,73.40000E-012,90.03648E+000,22.42800E+000,3.30400E-006,90.03648E+000
1,1,536,0.00000E+000,74.20000E-012,90.20471E+000,22.47000E+000,-5.33100E-006,90.20471E+000
1,1,537,0.00000E+000,73.10000E-012,90.39552E+000,22.51200E+000,732.00000E-009,90.39552E+000
1,1,538,0.00000E+000,72.40000E-012,90.56375E+000,22.55400E+000,9.23600E-006,90.56375E+000
1,1,539,0.00000E+000,83.50000E-012,90.73201E+000,22.59590E+000,13.49100E-006,90.73201E+000
1,1,540,0.00000E+000,84.80000E-012,90.90832E+000,22.63800E+000,-14.47900E-006,90.90832E+000
1,1,541,0.00000E+000,75.40000E-012,91.07686E+000,22.68000E+000,-8.83300E-006,91.07686E+000
1,1,542,0.00000E+000,74.50000E-012,91.24512E+000,22.72200E+000,-1.51500E-006,91.24512E+000
1,1,543,0.00000E+000,73.50000E-012,91.41339E+000,22.76400E+000,8.31100E-006,91.41339E+000
1,1,544,0.00000E+000,103.20000E-012,91.58163E+000,22.80600E+000,12.77700E-006,91.58163E+000
1,1,545,0.00000E+000,62.00000E-012,91.74985E+000,22.84800E+000,14.61500E-006,91.74985E+000
1,1,546,0.00000E+000,58.70000E-012,91.91816E+000,22.89000E+000,10.17800E-006,91.91816E+000
1,1,547,0.00000E+000,75.40000E-012,92.08648E+000,22.93200E+000,2.73300E-006,92.08648E+000
1,1,548,0.00000E+000,66.70000E-012,92.25485E+000,22.97400E+000,-7.36600E-006,92.25485E+000
1,1,549,0.00000E+000,66.20000E-012,92.42312E+000,23.01600E+000,-12.44900E-006,92.42312E+000
1,1,550,0.00000E+000,71.60000E-012,92.59139E+000,23.05800E+000,-14.66700E-006,92.59139E+000
1,1,551,0.00000E+000,67.50000E-012,92.75962E+000,23.09990E+000,-10.90900E-006,92.75962E+000
1,1,552,-100.00000E-009,87.10000E-012,92.92789E+000,23.14200E+000,-3.12100E-006,92.92789E+000
1,1,553,0.00000E+000,57.00000E-012,93.09613E+000,23.18400E+000,5.62800E-006,93.09613E+000
1,1,554,0.00000E+000,66.20000E-012,93.26439E+000,23.22600E+000,11.31100E-006,93.26439E+000
1,1,555,0.00000E+000,131.40000E-012,93.43266E+000,23.26800E+000,14.83300E-006,93.43266E+000
1,1,556,100.00000E-009,86.20000E-012,93.60089E+000,23.31000E+000,12.56900E-006,93.60089E+000
1,1,557,0.00000E+000,108.40000E-012,93.76914E+000,23.35200E+000,4.99300E-006,93.76914E+000
1,1,558,0.00000E+000,114.80000E-012,93.93745E+000,23.39400E+000,-4.03400E-006,93.93745E+000
1,1,559,0.00000E+000,109.20000E-012,94.10570E+000,23.43600E+000,-10.08700E-006,94.10570E+000
1,1,560,0.00000E+000,95.10000E-012,94.27394E+000,23.47800E+000,-14.87000E-006,94.27394E+000
1,1,561,0.00000E+000,65.50000E-012,94.44220E+000,23.52000E+000,-13.07800E-006,94.44220E+000
1,1,562,0.00000E+000,98.90000E-012,94.61044E+000,23.56200E+000,-6.07700E-006,94.61044E+000
1,1,563,0.00000E+000,87.00000E-012,94.78038E+000,23.60400E+000,9.83100E-006,94.78038E+000
1,1,564,0.00000E+000,80.00000E-012,94.94874E+000,23.64600E+000,14.31400E-006,94.94874E+000
1,1,565,0.00000E+000,126.10000E-012,95.11697E+000,23.68800E+000,13.79600E-006,95.11697E+000
1,1,566,0.00000E+000,143.40000E-012,95.28520E+000,23.73000E+000,7.07600E-006,95.28520E+000
1,1,567,0.00000E+000,119.60000E-012,95.45346E+000,23.77200E+000,-1.17600E-006,95.45346E+000
1,1,568,0.00000E+000,128.80000E-012,95.62170E+000,23.81400E+000,-9.23100E-006,95.62170E+000
1,1,569,0.00000E+000,140.60000E-012,95.78994E+000,23.85600E+000,-13.21500E-006,95.78994E+000
1,1,570,0.00000E+000,139.00000E-012,95.95820E+000,23.89800E+000,-13.56300E-006,95.95820E+000
1,1,571,0.00000E+000,145.10000E-012,96.12645E+000,23.94000E+000,-8.59200E-006,96.12645E+000
1,1,572,0.00000E+000,153.80000E-012,96.29470E+000,23.98200E+000,-996.00000E-009,96.29470E+000
1,1,573,0.00000E+000,178.40000E-012,96.46296E+000,24.02400E+000,8.60600E-006,96.46296E+000
1,1,574,0.00000E+000,171.60000E-012,96.63120E+000,24.06600E+000,12.95400E-006,96.63120E+000
1,1,575,0.00000E+000,204.90000E-012,96.79945E+000,24.10800E+000,14.36500E-006,96.79945E+000
1,1,576,0.00000E+000,195.50000E-012,96.96772E+000,24.15000E+000,9.75000E-006,96.96772E+000
1,1,577,0.00000E+000,183.90000E-012,97.13597E+000,24.19200E+000,2.54300E-006,97.13597E+000
1,1,578,0.00000E+000,204.60000E-012,97.30421E+000,24.23400E+000,-6.83100E-006,97.30421E+000
1,1,579,0.00000E+000,232.30000E-012,97.47246E+000,24.27600E+000,-11.96100E-006,97.47246E+000
1,1,580,0.00000E+000,235.60000E-012,97.64070E+000,24.31800E+000,-14.76000E-006,97.64070E+000
1,1,581,0.00000E+000,265.40000E-012,97.80895E+000,24.36000E+000,-11.63700E-006,97.80895E+000
1,1,582,0.00000E+000,262.10000E-012,97.97726E+000,24.40200E+000,-3.52500E-006,97.97726E+000
1,1,583,0.00000E+000,263.20000E-012,98.14550E+000,24.44400E+000,5.27900E-006,98.14550E+000
1,1,584,0.00000E+000,249.00000E-012,98.31375E+000,24.48600E+000,11.03300E-006,98.31375E+000
1,1,585,-300.00000E-009,230.20000E-012,98.48202E+000,24.52800E+000,14.91300E-006,98.48202E+000
1,1,586,400.00000E-009,267.20000E-012,98.65027E+000,24.57000E+000,12.57600E-006,98.65027E+000
1,1,587,0.00000E+000,255.50000E-012,98.81850E+000,24.61200E+000,5.10800E-006,98.81850E+000
1,1,588,0.00000E+000,225.70000E-012,98.98676E+000,24.65400E+000,-3.60100E-006,98.98676E+000
1,1,589,0.00000E+000,258.70000E-012,99.15501E+000,24.69600E+000,-9.88000E-006,99.15501E+000
1,1,590,0.00000E+000,300.10000E-012,99.32325E+000,24.73800E+000,-14.71700E-006,99.32325E+000
1,1,591,0.00000E+000,330.60000E-012,99.49153E+000,24.78000E+000,-13.22900E-006,99.49153E+000
1,1,592,0.00000E+000,336.80000E-012,99.65977E+000,24.82200E+000,-6.12500E-006,99.65977E+000
1,1,593,0.00000E+000,387.30000E-012,99.82802E+000,24.86400E+000,2.28800E-006,99.82802E+000
1,1,594,0.00000E+000,387.90000E-012,99.99630E+000,24.90600E+000,9.75300E-006,99.99630E+000
1,1,595,0.00000E+000,400.20000E-012,100.16470E+000,24.94800E+000,14.23200E-006,100.16470E+000
1,1,596,0.00000E+000,364.30000E-012,100.33295E+000,24.99000E+000,13.77200E-006,100.33295E+000
1,1,597,0.00000E+000,364.00000E-012,100.50122E+000,25.03200E+000,6.81500E-006,100.50122E+000
1,1,598,0.00000E+000,370.40000E-012,100.66946E+000,25.07400E+000,-1.54000E-006,100.66946E+000
1,1,599,0.00000E+000,378.60000E-012,100.83771E+000,25.11600E+000,-9.49900E-006,100.83771E+000
1,1,600,0.00000E+000,396.40000E-012,101.00597E+000,25.15800E+000,-13.39900E-006,101.00597E+000
1,1,601,0.00000E+000,419.90000E-012,101.17422E+000,25.20000E+000,-13.71800E-006,101.17422E+000
1,1,602,-100.00000E-009,569.00000E-012,101.34246E+000,25.24200E+000,-8.27500E-006,101.34246E+000
1,1,603,0.00000E+000,422.60000E-012,101.51073E+000,25.28400E+000,-207.00000E-009,101.51073E+000
1,1,604,0.00000E+000,458.10000E-012,101.67895E+000,25.32600E+000,8.97600E-006,101.67895E+000
1,1,605,0.00000E+000,448.70000E-012,101.84720E+000,25.36800E+000,13.09900E-006,101.84720E+000
1,1,606,0.00000E+000,477.10000E-012,102.01758E+000,25.41000E+000,7.29800E-006,102.01758E+000
1,1,607,0.00000E+000,479.00000E-012,102.18581E+000,25.45200E+000,-866.00000E-009,102.18581E+000
1,1,608,0.00000E+000,494.10000E-012,102.35404E+000,25.49400E+000,-9.21900E-006,102.35404E+000
1,1,609,0.00000E+000,505.70000E-012,102.52231E+000,25.53600E+000,-13.25600E-006,102.52231E+000
1,1,610,0.00000E+000,501.80000E-012,102.69068E+000,25.57800E+000,-13.68200E-006,102.69068E+000
1,1,611,0.00000E+000,502.80000E-012,102.85891E+000,25.62000E+000,-8.23000E-006,102.85891E+000
1,1,612,0.00000E+000,507.30000E-012,103.02719E+000,25.66200E+000,-74.00000E-009,103.02719E+000
1,1,613,0.00000E+000,514.60000E-012,103.19543E+000,25.70400E+000,9.02800E-006,103.19543E+000
1,1,614,0.00000E+000,519.70000E-012,103.36368E+000,25.74600E+000,12.97600E-006,103.36368E+000
1,1,615,0.00000E+000,525.80000E-012,103.53195E+000,25.78800E+000,14.07000E-006,103.53195E+000
1,1,616,0.00000E+000,528.00000E-012,103.70018E+000,25.83000E+000,9.23700E-006,103.70018E+000
1,1,617,0.00000E+000,528.90000E-012,103.86843E+000,25.87200E+000,2.08400E-006,103.86843E+000
1,1,618,0.00000E+000,520.50000E-012,104.03671E+000,25.91400E+000,-7.64600E-006,104.03671E+000
1,1,619,0.00000E+000,511.60000E-012,104.20496E+000,25.95600E+000,-12.52400E-006,104.20496E+000
1,1,620,-100.00000E-009,472.20000E-012,104.37320E+000,25.99800E+000,-14.62800E-006,104.37320E+000
1,1,621,100.00000E-009,494.30000E-012,104.54145E+000,26.04000E+000,-10.65300E-006,104.54145E+000
1,1,622,100.00000E-009,493.70000E-012,104.70969E+000,26.08200E+000,-3.03100E-006,104.70969E+000
1,1,623,0.00000E+000,477.80000E-012,104.87792E+000,26.12400E+000,5.82400E-006,104.87792E+000
1,1,624,0.00000E+000,478.60000E-012,105.04619E+000,26.16600E+000,11.39500E-006,105.04619E+000
1,1,625,0.00000E+000,471.30000E-012,105.21439E+000,26.20800E+000,14.84600E-006,105.21439E+000
1,1,626,0.00000E+000,464.30000E-012,105.38264E+000,26.25000E+000,12.44500E-006,105.38264E+000
1,1,627,0.00000E+000,455.50000E-012,105.55092E+000,26.29200E+000,4.85400E-006,105.55092E+000
1,1,628,0.00000E+000,444.40000E-012,105.71916E+000,26.33400E+000,-3.85800E-006,105.71916E+000
1,1,629,0.00000E+000,432.70000E-012,105.88756E+000,26.37600E+000,-10.47800E-006,105.88756E+000
1,1,630,0.00000E+000,426.50000E-012,106.05583E+000,26.41800E+000,-15.03000E-006,106.05583E+000
1,1,631,0.00000E+000,421.30000E-012,106.22410E+000,26.46000E+000,-12.70100E-006,106.22410E+000
1,1,632,0.00000E+000,408.50000E-012,106.39248E+000,26.50200E+000,-4.58600E-006,106.39248E+000
1,1,633,0.00000E+000,394.80000E-012,106.56083E+000,26.54400E+000,4.60400E-006,106.56083E+000
1,1,634,0.00000E+000,373.60000E-012,106.72909E+000,26.58600E+000,10.49700E-006,106.72909E+000
1,1,635,0.00000E+000,365.20000E-012,106.89734E+000,26.62800E+000,15.22900E-006,106.89734E+000
1,1,636,100.00000E-009,348.80000E-012,107.06560E+000,26.67000E+000,12.82800E-006,107.06560E+000
1,1,637,0.00000E+000,324.40000E-012,107.23386E+000,26.71200E+000,5.54700E-006,107.23386E+000
1,1,638,0.00000E+000,330.80000E-012,107.40210E+000,26.75400E+000,-2.95500E-006,107.40210E+000
1,1,639,0.00000E+000,317.00000E-012,107.57038E+000,26.79600E+000,-9.72200E-006,107.57038E+000
1,1,640,0.00000E+000,298.30000E-012,107.73861E+000,26.83800E+000,-13.98400E-006,107.73861E+000
1,1,641,100.00000E-009,236.40000E-012,107.90690E+000,26.88000E+000,-13.64700E-006,107.90690E+000
1,1,642,0.00000E+000,265.60000E-012,108.07517E+000,26.92200E+000,-6.58800E-006,108.07517E+000
1,1,643,0.00000E+000,261.90000E-012,108.24344E+000,26.96400E+000,1.76700E-006,108.24344E+000
1,1,644,0.00000E+000,251.90000E-012,108.43449E+000,27.00600E+000,2.10000E-006,108.43449E+000
1,1,645,0.00000E+000,252.90000E-012,108.60273E+000,27.04800E+000,-7.38300E-006,108.60273E+000
1,1,646,0.00000E+000,234.50000E-012,108.77098E+000,27.09000E+000,-12.37600E-006,108.77098E+000
1,1,647,0.00000E+000,230.70000E-012,108.94927E+000,27.13200E+000,10.35400E-006,108.94927E+000
1,1,648,0.00000E+000,216.40000E-012,109.11753E+000,27.17400E+000,3.00500E-006,109.11753E+000
1,1,649,0.00000E+000,216.20000E-012,109.28576E+000,27.21600E+000,-5.83400E-006,109.28576E+000
1,1,650,0.00000E+000,198.70000E-012,109.46117E+000,27.25800E+000,8.69800E-006,109.46117E+000
1,1,651,0.00000E+000,185.90000E-012,109.62942E+000,27.30000E+000,12.97600E-006,109.62942E+000
1,1,652,0.00000E+000,179.40000E-012,109.79765E+000,27.34200E+000,14.51700E-006,109.79765E+000
1,1,653,0.00000E+000,172.20000E-012,109.96595E+000,27.38400E+000,9.65100E-006,109.96595E+000
1,1,654,0.00000E+000,166.10000E-012,110.13417E+000,27.42600E+000,2.58500E-006,110.13417E+000
1,1,655,0.00000E+000,157.30000E-012,110.30264E+000,27.46800E+000,-7.96500E-006,110.30264E+000
1,1,656,0.00000E+000,154.30000E-012,110.47091E+000,27.51000E+000,-12.73400E-006,110.47091E+000
1,1,657,0.00000E+000,152.20000E-012,110.63915E+000,27.55200E+000,-14.46200E-006,110.63915E+000
1,1,658,0.00000E+000,150.90000E-012,110.80740E+000,27.59400E+000,-10.08200E-006,110.80740E+000
1,1,659,0.00000E+000,145.40000E-012,110.97582E+000,27.63600E+000,-2.11700E-006,110.97582E+000
1,1,660,0.00000E+000,124.60000E-012,111.14405E+000,27.67800E+000,7.26800E-006,111.14405E+000
1,1,661,0.00000E+000,136.60000E-012,111.31231E+000,27.72000E+000,12.31900E-006,111.31231E+000
1,1,662,0.00000E+000,156.70000E-012,111.48059E+000,27.76200E+000,14.72800E-006,111.48059E+000
1,1,663,0.00000E+000,145.30000E-012,111.64883E+000,27.80400E+000,11.28700E-006,111.64883E+000
1,1,664,0.00000E+000,133.80000E-012,111.81707E+000,27.84600E+000,3.67600E-006,111.81707E+000
1,1,665,0.00000E+000,125.80000E-012,111.98556E+000,27.88800E+000,-6.76000E-006,111.98556E+000
1,1,666,100.00000E-009,130.30000E-012,112.15381E+000,27.93000E+000,-11.92000E-006,112.15381E+000
1,1,667,0.00000E+000,124.70000E-012,112.32206E+000,27.97200E+000,-14.74800E-006,112.32206E+000
1,1,668,0.00000E+000,113.10000E-012,112.49041E+000,28.01400E+000,-11.08700E-006,112.49041E+000
1,1,669,0.00000E+000,125.60000E-012,112.65866E+000,28.05600E+000,-3.37300E-006,112.65866E+000
1,1,670,0.00000E+000,123.40000E-012,112.82691E+000,28.09800E+000,5.46700E-006,112.82691E+000
1,1,671,0.00000E+000,114.50000E-012,112.99517E+000,28.14000E+000,11.16300E-006,112.99517E+000
1,1,672,0.00000E+000,137.00000E-012,113.16340E+000,28.18200E+000,14.98300E-006,113.16340E+000
1,1,673,100.00000E-009,112.20000E-012,113.33165E+000,28.22400E+000,12.66300E-006,113.33165E+000
1,1,674,-100.00000E-009,405.80000E-012,113.49992E+000,28.26600E+000,5.05400E-006,113.49992E+000
1,1,675,-1.00000E-006,922.40000E-012,113.66816E+000,28.30800E+000,-3.53700E-006,113.66816E+000
1,1,676,200.00000E-009,231.80000E-012,113.83639E+000,28.35000E+000,-9.81100E-006,113.83639E+000
1,1,677,0.00000E+000,122.30000E-012,114.00464E+000,28.39200E+000,-14.44200E-006,114.00464E+000
1,1,678,100.00000E-009,131.10000E-012,114.17290E+000,28.43400E+000,-13.50400E-006,114.17290E+000
1,1,679,0.00000E+000,136.00000E-012,114.34115E+000,28.47600E+000,-6.56500E-006,114.34115E+000
1,1,680,0.00000E+000,142.00000E-012,114.50940E+000,28.51800E+000,1.69600E-006,114.50940E+000
1,1,681,0.00000E+000,147.00000E-012,114.67762E+000,28.56000E+000,9.45900E-006,114.67762E+000
1,1,682,0.00000E+000,149.10000E-012,114.84588E+000,28.60200E+000,13.41800E-006,114.84588E+000
1,1,683,0.00000E+000,153.10000E-012,115.01415E+000,28.64400E+000,13.66000E-006,115.01415E+000
1,1,684,0.00000E+000,159.10000E-012,115.18238E+000,28.68600E+000,8.79000E-006,115.18238E+000
1,1,685,0.00000E+000,166.10000E-012,115.35072E+000,28.72800E+000,384.00000E-009,115.35072E+000
1,1,686,0.00000E+000,172.10000E-012,115.51899E+000,28.77000E+000,-8.75700E-006,115.51899E+000
1,1,687,0.00000E+000,177.20000E-012,115.68727E+000,28.81200E+000,-13.07800E-006,115.68727E+000
1,1,688,0.00000E+000,183.70000E-012,115.85549E+000,28.85400E+000,-14.20100E-006,115.85549E+000
1,1,689,0.00000E+000,190.70000E-012,116.02378E+000,28.89600E+000,-9.11900E-006,116.02378E+000
1,1,690,0.00000E+000,198.60000E-012,116.19203E+000,28.93800E+000,-2.15600E-006,116.19203E+000
1,1,691,0.00000E+000,205.30000E-012,116.36028E+000,28.98000E+000,7.28600E-006,116.36028E+000
1,1,692,0.00000E+000,212.80000E-012,116.52893E+000,29.02200E+000,13.19000E-006,116.52893E+000
1,1,693,0.00000E+000,220.20000E-012,116.69718E+000,29.06400E+000,14.02800E-006,116.69718E+000
1,1,694,0.00000E+000,227.20000E-012,116.86543E+000,29.10600E+000,9.23600E-006,116.86543E+000
1,1,695,0.00000E+000,237.00000E-012,117.03369E+000,29.14800E+000,2.09400E-006,117.03369E+000
1,1,696,0.00000E+000,245.00000E-012,117.20205E+000,29.19000E+000,-7.96200E-006,117.20205E+000
1,1,697,0.00000E+000,253.50000E-012,117.37030E+000,29.23200E+000,-12.71400E-006,117.37030E+000
1,1,698,0.00000E+000,259.60000E-012,117.53857E+000,29.27400E+000,-14.48500E-006,117.53857E+000
1,1,699,0.00000E+000,265.70000E-012,117.70680E+000,29.31600E+000,-10.47000E-006,117.70680E+000
1,1,700,0.00000E+000,275.80000E-012,117.87505E+000,29.35800E+000,-3.07600E-006,117.87505E+000
1,1,701,0.00000E+000,283.70000E-012,118.04332E+000,29.40000E+000,5.93100E-006,118.04332E+000
1,1,702,0.00000E+000,289.70000E-012,118.21156E+000,29.44200E+000,11.34300E-006,118.21156E+000
1,1,703,0.00000E+000,294.30000E-012,118.37980E+000,29.48400E+000,14.93500E-006,118.37980E+000
1,1,704,0.00000E+000,291.20000E-012,118.54804E+000,29.52600E+000,12.63300E-006,118.54804E+000
1,1,705,0.00000E+000,284.50000E-012,118.71628E+000,29.56800E+000,5.18500E-006,118.71628E+000
1,1,706,0.00000E+000,282.10000E-012,118.88452E+000,29.61000E+000,-3.25200E-006,118.88452E+000
1,1,707,0.00000E+000,316.50000E-012,119.05442E+000,29.65200E+000,-14.38900E-006,119.05442E+000
1,1,708,0.00000E+000,350.50000E-012,119.22266E+000,29.69400E+000,-13.63300E-006,119.22266E+000
1,1,709,0.00000E+000,345.70000E-012,119.39090E+000,29.73600E+000,-6.74400E-006,119.39090E+000
1,1,710,0.00000E+000,333.20000E-012,119.55917E+000,29.77800E+000,1.59000E-006,119.55917E+000
1,1,711,0.00000E+000,320.10000E-012,119.72743E+000,29.82000E+000,9.51800E-006,119.72743E+000
1,1,712,0.00000E+000,351.20000E-012,119.89567E+000,29.86200E+000,13.42500E-006,119.89567E+000
1,1,713,0.00000E+000,362.20000E-012,120.06611E+000,29.90400E+000,5.84900E-006,120.06611E+000
1,1,714,0.00000E+000,367.70000E-012,120.23434E+000,29.94600E+000,-2.32400E-006,120.23434E+000
1,1,715,0.00000E+000,441.00000E-012,120.40259E+000,29.98800E+000,-9.69400E-006,120.40259E+000
1,1,716,0.00000E+000,412.80000E-012,120.57088E+000,30.03000E+000,-13.48800E-006,120.57088E+000
1,1,717,0.00000E+000,440.00000E-012,120.73912E+000,30.07200E+000,-13.85800E-006,120.73912E+000
1,1,718,0.00000E+000,474.00000E-012,120.90735E+000,30.11400E+000,-7.79500E-006,120.90735E+000
1,1,719,0.00000E+000,499.60000E-012,121.07564E+000,30.15600E+000,405.00000E-009,121.07564E+000
1,1,720,0.00000E+000,526.60000E-012,121.24388E+000,30.19800E+000,9.22200E-006,121.24388E+000
1,1,721,0.00000E+000,477.40000E-012,121.41212E+000,30.24000E+000,13.16400E-006,121.41212E+000
1,1,722,0.00000E+000,578.40000E-012,121.58039E+000,30.28200E+000,14.08000E-006,121.58039E+000
1,1,723,0.00000E+000,598.10000E-012,121.74863E+000,30.32400E+000,9.38500E-006,121.74863E+000
1,1,724,0.00000E+000,595.30000E-012,121.91687E+000,30.36600E+000,2.36400E-006,121.91687E+000
1,1,725,0.00000E+000,616.50000E-012,122.08513E+000,30.40800E+000,-7.10600E-006,122.08513E+000
1,1,726,0.00000E+000,621.70000E-012,122.25336E+000,30.45000E+000,-12.06500E-006,122.25336E+000
1,1,727,0.00000E+000,635.10000E-012,122.42159E+000,30.49200E+000,-14.73900E-006,122.42159E+000
1,1,728,100.00000E-009,635.50000E-012,122.58985E+000,30.53400E+000,-11.90100E-006,122.58985E+000
1,1,729,0.00000E+000,650.60000E-012,122.75809E+000,30.57600E+000,-3.95300E-006,122.75809E+000
1,1,730,0.00000E+000,658.40000E-012,122.92632E+000,30.61800E+000,4.48400E-006,122.92632E+000
1,1,731,0.00000E+000,695.80000E-012,123.09457E+000,30.66000E+000,10.17000E-006,123.09457E+000
1,1,732,0.00000E+000,664.40000E-012,123.26288E+000,30.70200E+000,15.19300E-006,123.26288E+000
1,1,733,-100.00000E-009,717.60000E-012,123.43111E+000,30.74400E+000,13.00000E-006,123.43111E+000
1,1,734,0.00000E+000,852.50000E-012,123.59949E+000,30.78600E+000,5.42800E-006,123.59949E+000
1,1,735,100.00000E-009,727.00000E-012,123.76775E+000,30.82800E+000,-3.18600E-006,123.76775E+000
1,1,736,0.00000E+000,721.70000E-012,123.93715E+000,30.87000E+000,-13.08500E-006,123.93715E+000
1,1,737,0.00000E+000,712.70000E-012,124.10543E+000,30.91200E+000,-13.42400E-006,124.10543E+000
1,1,738,0.00000E+000,738.30000E-012,124.27371E+000,30.95400E+000,-8.73300E-006,124.27371E+000
1,1,739,0.00000E+000,760.80000E-012,124.44213E+000,30.99600E+000,-298.00000E-009,124.44213E+000
1,1,740,0.00000E+000,754.50000E-012,124.61041E+000,31.03800E+000,9.00000E-006,124.61041E+000
1,1,741,0.00000E+000,748.80000E-012,124.77865E+000,31.08000E+000,13.08100E-006,124.77865E+000
1,1,742,0.00000E+000,769.80000E-012,124.97047E+000,31.12200E+000,-13.18200E-006,124.97047E+000
1,1,743,0.00000E+000,754.90000E-012,125.13871E+000,31.16400E+000,-13.72300E-006,125.13871E+000
1,1,744,0.00000E+000,745.30000E-012,125.30695E+000,31.20600E+000,-8.97000E-006,125.30695E+000
1,1,745,0.00000E+000,716.90000E-012,125.48384E+000,31.24800E+000,43.00000E-009,125.48384E+000
1,1,746,0.00000E+000,723.50000E-012,125.65209E+000,31.29000E+000,-8.89400E-006,125.65209E+000
1,1,747,0.00000E+000,713.40000E-012,125.82033E+000,31.33200E+000,-13.07000E-006,125.82033E+000
1,1,748,0.00000E+000,707.90000E-012,125.98865E+000,31.37400E+000,-13.90800E-006,125.98865E+000
1,1,749,0.00000E+000,701.10000E-012,126.15689E+000,31.41600E+000,-9.02600E-006,126.15689E+000
1,1,750,0.00000E+000,689.00000E-012,126.32513E+000,31.45800E+000,-2.02900E-006,126.32513E+000
1,1,751,0.00000E+000,678.20000E-012,126.49340E+000,31.50000E+000,7.55300E-006,126.49340E+000
1,1,752,0.00000E+000,665.30000E-012,126.66166E+000,31.54200E+000,12.45000E-006,126.66166E+000
1,1,753,0.00000E+000,654.90000E-012,126.82989E+000,31.58400E+000,14.84800E-006,126.82989E+000
1,1,754,0.00000E+000,647.60000E-012,126.99815E+000,31.62600E+000,11.52300E-006,126.99815E+000
1,1,755,0.00000E+000,639.00000E-012,127.16640E+000,31.66800E+000,3.85300E-006,127.16640E+000
1,1,756,0.00000E+000,627.40000E-012,127.33463E+000,31.71000E+000,-4.71900E-006,127.33463E+000
1,1,757,0.00000E+000,609.40000E-012,127.50289E+000,31.75200E+000,-10.53900E-006,127.50289E+000
1,1,758,0.00000E+000,597.70000E-012,127.67112E+000,31.79400E+000,-15.09700E-006,127.67112E+000
1,1,759,0.00000E+000,573.40000E-012,127.83938E+000,31.83600E+000,-12.84000E-006,127.83938E+000
1,1,760,0.00000E+000,565.00000E-012,128.00769E+000,31.87800E+000,-5.25000E-006,128.00769E+000
1,1,761,0.00000E+000,568.80000E-012,128.17592E+000,31.91990E+000,3.25700E-006,128.17592E+000
1,1,762,0.00000E+000,565.70000E-012,128.34416E+000,31.96200E+000,9.84800E-006,128.34416E+000
1,1,763,0.00000E+000,543.50000E-012,128.51244E+000,32.00400E+000,13.95200E-006,128.51244E+000
1,1,764,0.00000E+000,525.20000E-012,128.68068E+000,32.04600E+000,13.94500E-006,128.68068E+000
1,1,765,0.00000E+000,510.40000E-012,128.84891E+000,32.08800E+000,7.47200E-006,128.84891E+000
1,1,766,0.00000E+000,501.00000E-012,129.01717E+000,32.13000E+000,-664.00000E-009,129.01717E+000
1,1,767,0.00000E+000,483.50000E-012,129.18541E+000,32.17200E+000,-9.13600E-006,129.18541E+000
1,1,768,0.00000E+000,470.00000E-012,129.35366E+000,32.21400E+000,-13.26300E-006,129.35366E+000
1,1,769,-400.00000E-009,466.40000E-012,129.52194E+000,32.25600E+000,-13.40100E-006,129.52194E+000
1,1,770,-400.00000E-009,1.54250E-009,129.69018E+000,32.29800E+000,-8.84400E-006,129.69018E+000
1,1,771,-300.00000E-009,505.10000E-012,129.85843E+000,32.34000E+000,-1.53500E-006,129.85843E+000
1,1,772,-400.00000E-009,365.30000E-012,130.02669E+000,32.38200E+000,8.13800E-006,130.02669E+000
1,1,773,0.00000E+000,365.20000E-012,130.19500E+000,32.42400E+000,12.89400E-006,130.19500E+000
1,1,774,0.00000E+000,368.60000E-012,130.36323E+000,32.46600E+000,14.64900E-006,130.36323E+000
1,1,775,0.00000E+000,351.20000E-012,130.53148E+000,32.50800E+000,10.37900E-006,130.53148E+000
1,1,776,0.00000E+000,354.70000E-012,130.69983E+000,32.55000E+000,2.73500E-006,130.69983E+000
1,1,777,0.00000E+000,343.30000E-012,130.86807E+000,32.59200E+000,-6.36100E-006,130.86807E+000
1,1,778,100.00000E-009,333.40000E-012,131.03633E+000,32.63400E+000,-11.77900E-006,131.03633E+000
1,1,779,0.00000E+000,321.80000E-012,131.20466E+000,32.67600E+000,-14.67100E-006,131.20466E+000
1,1,780,0.00000E+000,317.10000E-012,131.37292E+000,32.71800E+000,-11.52900E-006,131.37292E+000
1,1,781,0.00000E+000,327.30000E-012,131.54119E+000,32.76000E+000,-3.51300E-006,131.54119E+000
1,1,782,0.00000E+000,303.40000E-012,131.70947E+000,32.80200E+000,5.44400E-006,131.70947E+000
1,1,783,0.00000E+000,293.40000E-012,131.87772E+000,32.84400E+000,11.12500E-006,131.87772E+000
1,1,784,0.00000E+000,294.60000E-012,132.04605E+000,32.88600E+000,14.91000E-006,132.04605E+000
1,1,785,0.00000E+000,290.20000E-012,132.21434E+000,32.92800E+000,12.52900E-006,132.21434E+000
1,1,786,0.00000E+000,291.80000E-012,132.38255E+000,32.97000E+000,4.77900E-006,132.38255E+000
1,1,787,0.00000E+000,286.50000E-012,132.55079E+000,33.01200E+000,-3.68700E-006,132.55079E+000
1,1,788,0.00000E+000,281.30000E-012,132.71916E+000,33.05400E+000,-10.38100E-006,132.71916E+000
1,1,789,0.00000E+000,280.90000E-012,132.88741E+000,33.09600E+000,-14.97000E-006,132.88741E+000
1,1,790,100.00000E-009,273.20000E-012,133.05566E+000,33.13800E+000,-12.94000E-006,133.05566E+000
1,1,791,0.00000E+000,275.70000E-012,133.22390E+000,33.18000E+000,-5.61800E-006,133.22390E+000
1,1,792,0.00000E+000,287.00000E-012,133.39214E+000,33.22200E+000,2.66800E-006,133.39214E+000
1,1,793,0.00000E+000,280.60000E-012,133.56041E+000,33.26400E+000,9.81200E-006,133.56041E+000
1,1,794,100.00000E-009,277.60000E-012,133.72866E+000,33.30600E+000,13.65200E-006,133.72866E+000
1,1,795,0.00000E+000,263.90000E-012,133.89689E+000,33.34800E+000,13.87700E-006,133.89689E+000
1,1,796,0.00000E+000,264.70000E-012,134.06517E+000,33.39000E+000,7.49400E-006,134.06517E+000
1,1,797,0.00000E+000,270.70000E-012,134.23341E+000,33.43200E+000,-499.00000E-009,134.23341E+000
1,1,798,100.00000E-009,272.30000E-012,134.40254E+000,33.47400E+000,-11.13700E-006,134.40254E+000
1,1,799,0.00000E+000,272.10000E-012,134.57081E+000,33.51600E+000,-14.67500E-006,134.57081E+000
1,1,800,0.00000E+000,279.60000E-012,134.73904E+000,33.55800E+000,-12.45100E-006,134.73904E+000
1,1,801,0.00000E+000,281.00000E-012,134.90726E+000,33.60000E+000,-4.91600E-006,134.90726E+000
1,1,802,0.00000E+000,292.20000E-012,135.07551E+000,33.64200E+000,3.75500E-006,135.07551E+000
1,1,803,0.00000E+000,297.00000E-012,135.24376E+000,33.68400E+000,9.97500E-006,135.24376E+000
1,1,804,0.00000E+000,268.40000E-012,135.41199E+000,33.72600E+000,14.48800E-006,135.41199E+000
1,1,805,0.00000E+000,296.40000E-012,135.58024E+000,33.76800E+000,13.63500E-006,135.58024E+000
1,1,806,0.00000E+000,295.60000E-012,135.74848E+000,33.81000E+000,6.85400E-006,135.74848E+000
1,1,807,0.00000E+000,299.10000E-012,135.91672E+000,33.85200E+000,-1.45900E-006,135.91672E+000
1,1,808,-400.00000E-009,311.90000E-012,136.08499E+000,33.89400E+000,-9.44100E-006,136.08499E+000
1,1,809,0.00000E+000,319.30000E-012,136.25322E+000,33.93600E+000,-13.31100E-006,136.25322E+000
1,1,810,0.00000E+000,323.40000E-012,136.42146E+000,33.97800E+000,-13.55800E-006,136.42146E+000
1,1,811,0.00000E+000,353.90000E-012,136.58994E+000,34.02000E+000,-7.31000E-006,136.58994E+000
1,1,812,0.00000E+000,339.40000E-012,136.75817E+000,34.06200E+000,696.00000E-009,136.75817E+000
1,1,813,0.00000E+000,346.50000E-012,136.92687E+000,34.10400E+000,9.87600E-006,136.92687E+000
1,1,814,0.00000E+000,351.10000E-012,137.09516E+000,34.14600E+000,14.36300E-006,137.09516E+000
1,1,815,0.00000E+000,357.30000E-012,137.26340E+000,34.18800E+000,13.72900E-006,137.26340E+000
1,1,816,0.00000E+000,369.00000E-012,137.43161E+000,34.23000E+000,7.17900E-006,137.43161E+000
1,1,817,0.00000E+000,380.00000E-012,137.59991E+000,34.27200E+000,-1.33200E-006,137.59991E+000
1,1,818,0.00000E+000,388.90000E-012,137.76815E+000,34.31400E+000,-9.38600E-006,137.76815E+000
1,1,819,0.00000E+000,401.40000E-012,137.93638E+000,34.35600E+000,-13.15900E-006,137.93638E+000
1,1,820,0.00000E+000,416.70000E-012,138.10468E+000,34.39800E+000,-13.66100E-006,138.10468E+000
1,1,821,0.00000E+000,436.20000E-012,138.27290E+000,34.44000E+000,-8.44000E-006,138.27290E+000
1,1,822,0.00000E+000,450.80000E-012,138.44115E+000,34.48200E+000,-799.00000E-009,138.44115E+000
1,1,823,0.00000E+000,450.20000E-012,138.60954E+000,34.52400E+000,9.20200E-006,138.60954E+000
1,1,824,0.00000E+000,456.70000E-012,138.77776E+000,34.56600E+000,13.16500E-006,138.77776E+000
1,1,825,0.00000E+000,483.30000E-012,138.94601E+000,34.60800E+000,14.14500E-006,138.94601E+000
1,1,826,100.00000E-009,497.60000E-012,139.11432E+000,34.65000E+000,9.17300E-006,139.11432E+000
1,1,827,0.00000E+000,501.70000E-012,139.28255E+000,34.69200E+000,2.12100E-006,139.28255E+000
1,1,828,0.00000E+000,520.30000E-012,139.45079E+000,34.73400E+000,-7.32100E-006,139.45079E+000
1,1,829,0.00000E+000,533.40000E-012,139.61906E+000,34.77600E+000,-12.59000E-006,139.61906E+000
1,1,830,0.00000E+000,541.00000E-012,139.78731E+000,34.81800E+000,-14.63900E-006,139.78731E+000
1,1,831,0.00000E+000,549.40000E-012,139.95555E+000,34.86000E+000,-11.16900E-006,139.95555E+000
1,1,832,0.00000E+000,577.20000E-012,140.12381E+000,34.90200E+000,-3.31600E-006,140.12381E+000
1,1,833,0.00000E+000,591.80000E-012,140.29205E+000,34.94400E+000,5.37000E-006,140.29205E+000
1,1,834,0.00000E+000,588.10000E-012,140.46030E+000,34.98600E+000,11.14400E-006,140.46030E+000
1,1,835,0.00000E+000,601.90000E-012,140.62856E+000,35.02800E+000,15.02800E-006,140.62856E+000
1,1,836,0.00000E+000,625.30000E-012,140.79680E+000,35.07000E+000,12.67900E-006,140.79680E+000
1,1,837,0.00000E+000,638.10000E-012,140.96502E+000,35.11200E+000,5.39200E-006,140.96502E+000
1,1,838,0.00000E+000,653.00000E-012,141.13330E+000,35.15400E+000,-3.38800E-006,141.13330E+000
1,1,839,0.00000E+000,673.10000E-012,141.30160E+000,35.19600E+000,-9.87500E-006,141.30160E+000
1,1,840,0.00000E+000,685.20000E-012,141.46984E+000,35.23800E+000,-14.61300E-006,141.46984E+000
1,1,841,0.00000E+000,701.00000E-012,141.63812E+000,35.28000E+000,-13.24500E-006,141.63812E+000
1,1,842,0.00000E+000,723.70000E-012,141.80639E+000,35.32200E+000,-6.00800E-006,141.80639E+000
1,1,843,0.00000E+000,745.70000E-012,141.97465E+000,35.36400E+000,2.41100E-006,141.97465E+000
1,1,844,0.00000E+000,758.90000E-012,142.14293E+000,35.40600E+000,9.84200E-006,142.14293E+000
1,1,845,0.00000E+000,774.00000E-012,142.31118E+000,35.44800E+000,13.58600E-006,142.31118E+000
1,1,846,0.00000E+000,782.40000E-012,142.47943E+000,35.49000E+000,13.89500E-006,142.47943E+000
1,1,847,0.00000E+000,800.20000E-012,142.64771E+000,35.53200E+000,7.54500E-006,142.64771E+000
1,1,848,0.00000E+000,822.50000E-012,142.81596E+000,35.57400E+000,-488.00000E-009,142.81596E+000
1,1,849,0.00000E+000,823.90000E-012,142.98420E+000,35.61600E+000,-9.08100E-006,142.98420E+000
1,1,850,0.00000E+000,805.60000E-012,143.15247E+000,35.65800E+000,-13.28800E-006,143.15247E+000
1,1,851,0.00000E+000,826.50000E-012,143.32073E+000,35.70000E+000,-13.56200E-006,143.32073E+000
1,1,852,0.00000E+000,792.40000E-012,143.51205E+000,35.74200E+000,14.60000E-006,143.51205E+000
1,1,853,0.00000E+000,841.70000E-012,143.68028E+000,35.78400E+000,10.42600E-006,143.68028E+000
1,1,854,0.00000E+000,864.70000E-012,143.84852E+000,35.82600E+000,3.19900E-006,143.84852E+000
1,1,855,0.00000E+000,872.50000E-012,144.02676E+000,35.86800E+000,11.71700E-006,144.02676E+000
1,1,856,100.00000E-009,869.10000E-012,144.19501E+000,35.91000E+000,14.78900E-006,144.19501E+000
1,1,857,0.00000E+000,881.30000E-012,144.36323E+000,35.95200E+000,12.32900E-006,144.36323E+000
1,1,858,0.00000E+000,901.30000E-012,144.53215E+000,35.99400E+000,1.36700E-006,144.53215E+000
1,1,859,0.00000E+000,912.10000E-012,144.70040E+000,36.03600E+000,-8.11000E-006,144.70040E+000
1,1,860,0.00000E+000,916.10000E-012,144.86865E+000,36.07800E+000,-12.75600E-006,144.86865E+000
1,1,861,0.00000E+000,916.40000E-012,145.03768E+000,36.12000E+000,-13.52000E-006,145.03768E+000
1,1,862,0.00000E+000,905.40000E-012,145.20594E+000,36.16200E+000,-6.40800E-006,145.20594E+000
1,1,863,0.00000E+000,910.10000E-012,145.37419E+000,36.20400E+000,1.96800E-006,145.37419E+000
1,1,864,0.00000E+000,911.70000E-012,145.54245E+000,36.24600E+000,9.66500E-006,145.54245E+000
1,1,865,0.00000E+000,904.70000E-012,145.71069E+000,36.28800E+000,13.52900E-006,145.71069E+000
1,1,866,0.00000E+000,901.90000E-012,145.87894E+000,36.33000E+000,13.81100E-006,145.87894E+000
1,1,867,0.00000E+000,897.90000E-012,146.04725E+000,36.37200E+000,8.00400E-006,146.04725E+000
1,1,868,0.00000E+000,890.40000E-012,146.21548E+000,36.41400E+000,124.00000E-009,146.21548E+000
1,1,869,0.00000E+000,887.70000E-012,146.38373E+000,36.45600E+000,-8.92900E-006,146.38373E+000
1,1,870,0.00000E+000,876.20000E-012,146.55202E+000,36.49800E+000,-13.24900E-006,146.55202E+000
1,1,871,0.00000E+000,876.60000E-012,146.72027E+000,36.54000E+000,-13.90700E-006,146.72027E+000
1,1,872,0.00000E+000,866.90000E-012,146.88868E+000,36.58200E+000,-8.44600E-006,146.88868E+000
1,1,873,0.00000E+000,859.90000E-012,147.05695E+000,36.62400E+000,-487.00000E-009,147.05695E+000
1,1,874,0.00000E+000,851.60000E-012,147.22519E+000,36.66600E+000,8.86100E-006,147.22519E+000
1,1,875,0.00000E+000,843.70000E-012,147.39343E+000,36.70800E+000,13.09300E-006,147.39343E+000
1,1,876,0.00000E+000,836.50000E-012,147.56256E+000,36.75000E+000,13.00400E-006,147.56256E+000
1,1,877,0.00000E+000,828.90000E-012,147.73079E+000,36.79200E+000,5.85600E-006,147.73079E+000
1,1,878,-100.00000E-009,913.10000E-012,147.89903E+000,36.83400E+000,-2.55100E-006,147.89903E+000
1,1,879,200.00000E-009,1.22820E-009,148.06738E+000,36.87600E+000,-9.67000E-006,148.06738E+000
1,1,880,0.00000E+000,765.00000E-012,148.23562E+000,36.91800E+000,-14.06400E-006,148.23562E+000
1,1,881,0.00000E+000,752.60000E-012,148.40385E+000,36.96000E+000,-13.75900E-006,148.40385E+000
1,1,882,0.00000E+000,732.80000E-012,148.57210E+000,37.00200E+000,-6.88500E-006,148.57210E+000
1,1,883,4.70000E-006,1.73250E-009,148.74035E+000,37.04400E+000,1.43000E-006,148.74035E+000
1,1,884,-2.10000E-006,409.10000E-012,148.90860E+000,37.08600E+000,9.49900E-006,148.90860E+000
1,1,885,0.00000E+000,690.50000E-012,149.07687E+000,37.12800E+000,13.51100E-006,149.07687E+000
1,1,886,100.00000E-009,677.70000E-012,149.24510E+000,37.17000E+000,13.59000E-006,149.24510E+000
1,1,887,0.00000E+000,665.40000E-012,149.41336E+000,37.21200E+000,8.81700E-006,149.41336E+000
1,1,888,0.00000E+000,654.40000E-012,149.58164E+000,37.25400E+000,649.00000E-009,149.58164E+000
1,1,889,0.00000E+000,642.20000E-012,149.74988E+000,37.29600E+000,-8.55000E-006,149.74988E+000
1,1,890,0.00000E+000,633.80000E-012,149.91810E+000,37.33800E+000,-12.82500E-006,149.91810E+000
1,1,891,0.00000E+000,620.00000E-012,150.08638E+000,37.38000E+000,-14.25600E-006,150.08638E+000
1,1,892,0.00000E+000,611.70000E-012,150.25463E+000,37.42200E+000,-9.47200E-006,150.25463E+000
1,1,893,0.00000E+000,603.30000E-012,150.42288E+000,37.46400E+000,-2.43100E-006,150.42288E+000
1,1,894,0.00000E+000,593.10000E-012,150.59127E+000,37.50600E+000,7.83600E-006,150.59127E+000
1,1,895,100.00000E-009,582.10000E-012,150.75962E+000,37.54800E+000,12.86800E-006,150.75962E+000
1,1,896,-100.00000E-009,574.50000E-012,150.92788E+000,37.59000E+000,14.53700E-006,150.92788E+000
1,1,897,0.00000E+000,563.10000E-012,151.09614E+000,37.63200E+000,10.13300E-006,151.09614E+000
1,1,898,0.00000E+000,556.30000E-012,151.26438E+000,37.67400E+000,2.93200E-006,151.26438E+000
1,1,899,0.00000E+000,543.10000E-012,151.43263E+000,37.71600E+000,-6.26500E-006,151.43263E+000
1,1,900,0.00000E+000,534.30000E-012,151.60089E+000,37.75800E+000,-11.65200E-006,151.60089E+000
1,1,901,0.00000E+000,526.10000E-012,151.76923E+000,37.80000E+000,-14.71000E-006,151.76923E+000
1,1,902,100.00000E-009,519.60000E-012,151.93747E+000,37.84200E+000,-11.65000E-006,151.93747E+000
1,1,903,-400.00000E-009,523.90000E-012,152.10577E+000,37.88400E+000,-3.54500E-006,152.10577E+000
1,1,904,200.00000E-009,510.80000E-012,152.27401E+000,37.92600E+000,5.22300E-006,152.27401E+000
1,1,905,0.00000E+000,510.50000E-012,152.44236E+000,37.96800E+000,11.39800E-006,152.44236E+000
1,1,906,100.00000E-009,470.60000E-012,152.61061E+000,38.01000E+000,14.79500E-006,152.61061E+000
1,1,907,100.00000E-009,472.40000E-012,152.77886E+000,38.05200E+000,12.63300E-006,152.77886E+000
1,1,908,100.00000E-009,485.10000E-012,152.94710E+000,38.09400E+000,4.94700E-006,152.94710E+000
1,1,909,0.00000E+000,463.80000E-012,153.11538E+000,38.13600E+000,-3.85100E-006,153.11538E+000
1,1,910,0.00000E+000,396.10000E-012,153.28361E+000,38.17800E+000,-9.90200E-006,153.28361E+000
1,1,911,0.00000E+000,414.30000E-012,153.45183E+000,38.22000E+000,-14.56500E-006,153.45183E+000
1,1,912,0.00000E+000,441.90000E-012,153.62009E+000,38.26200E+000,-13.36900E-006,153.62009E+000
1,1,913,0.00000E+000,456.00000E-012,153.78835E+000,38.30400E+000,-6.30200E-006,153.78835E+000
1,1,914,0.00000E+000,446.50000E-012,153.95658E+000,38.34600E+000,1.88700E-006,153.95658E+000
1,1,915,-1.00000E-006,383.30000E-012,154.12483E+000,38.38800E+000,9.66200E-006,154.12483E+000
1,1,916,400.00000E-009,467.00000E-012,154.29307E+000,38.43000E+000,13.44000E-006,154.29307E+000
1,1,917,0.00000E+000,477.80000E-012,154.46131E+000,38.47200E+000,13.66600E-006,154.46131E+000
1,1,918,0.00000E+000,463.00000E-012,154.62958E+000,38.51400E+000,8.59900E-006,154.62958E+000
1,1,919,0.00000E+000,457.60000E-012,154.79782E+000,38.55600E+000,814.00000E-009,154.79782E+000
1,1,920,100.00000E-009,434.10000E-012,154.96606E+000,38.59800E+000,-8.43600E-006,154.96606E+000
1,1,921,100.00000E-009,450.20000E-012,155.13434E+000,38.64000E+000,-12.88800E-006,155.13434E+000
1,1,922,0.00000E+000,445.30000E-012,155.30258E+000,38.68200E+000,-14.29600E-006,155.30258E+000
1,1,923,0.00000E+000,447.70000E-012,155.47081E+000,38.72400E+000,-9.70500E-006,155.47081E+000
1,1,924,0.00000E+000,467.40000E-012,155.63907E+000,38.76600E+000,-2.54200E-006,155.63907E+000
1,1,925,0.00000E+000,489.30000E-012,155.80732E+000,38.80800E+000,6.72300E-006,155.80732E+000
1,1,926,0.00000E+000,500.30000E-012,155.97556E+000,38.85000E+000,11.90800E-006,155.97556E+000
1,1,927,0.00000E+000,470.60000E-012,156.14398E+000,38.89200E+000,14.84300E-006,156.14398E+000
1,1,928,0.00000E+000,472.20000E-012,156.31221E+000,38.93400E+000,11.20000E-006,156.31221E+000
1,1,929,0.00000E+000,467.50000E-012,156.48046E+000,38.97600E+000,3.63100E-006,156.48046E+000
1,1,930,0.00000E+000,470.20000E-012,156.64875E+000,39.01800E+000,-5.51200E-006,156.64875E+000
1,1,931,0.00000E+000,469.20000E-012,156.81712E+000,39.06000E+000,-11.50900E-006,156.81712E+000
1,1,932,0.00000E+000,462.80000E-012,156.98535E+000,39.10200E+000,-14.68700E-006,156.98535E+000
1,1,933,0.00000E+000,467.40000E-012,157.15363E+000,39.14400E+000,-11.87500E-006,157.15363E+000
1,1,934,0.00000E+000,484.40000E-012,157.32187E+000,39.18600E+000,-4.17200E-006,157.32187E+000
1,1,935,0.00000E+000,486.40000E-012,157.49012E+000,39.22800E+000,4.36200E-006,157.49012E+000
1,1,936,0.00000E+000,505.50000E-012,157.65838E+000,39.27000E+000,10.29600E-006,157.65838E+000
1,1,937,0.00000E+000,497.70000E-012,157.82663E+000,39.31200E+000,15.10500E-006,157.82663E+000
1,1,938,0.00000E+000,494.50000E-012,157.99488E+000,39.35400E+000,13.13600E-006,157.99488E+000
1,1,939,0.00000E+000,513.60000E-012,158.16315E+000,39.39600E+000,5.99000E-006,158.16315E+000
1,1,940,0.00000E+000,530.50000E-012,158.33140E+000,39.43800E+000,-2.28900E-006,158.33140E+000
1,1,941,0.00000E+000,547.70000E-012,158.49966E+000,39.48000E+000,-9.56800E-006,158.49966E+000
1,1,942,0.00000E+000,546.10000E-012,158.66795E+000,39.52200E+000,-13.43200E-006,158.66795E+000
1,1,943,0.00000E+000,561.80000E-012,158.83620E+000,39.56400E+000,-13.78700E-006,158.83620E+000
1,1,944,0.00000E+000,565.20000E-012,159.00461E+000,39.60600E+000,-6.65600E-006,159.00461E+000
1,1,945,0.00000E+000,575.50000E-012,159.17290E+000,39.64800E+000,1.64800E-006,159.17290E+000
1,1,946,0.00000E+000,579.80000E-012,159.34117E+000,39.69000E+000,9.56900E-006,159.34117E+000
1,1,947,0.00000E+000,587.50000E-012,159.50939E+000,39.73200E+000,13.43500E-006,159.50939E+000
1,1,948,0.00000E+000,595.20000E-012,159.67765E+000,39.77400E+000,13.54400E-006,159.67765E+000
1,1,949,0.00000E+000,614.30000E-012,159.84593E+000,39.81600E+000,8.84500E-006,159.84593E+000
1,1,950,0.00000E+000,625.90000E-012,160.01419E+000,39.85800E+000,1.10500E-006,160.01419E+000
1,1,951,0.00000E+000,635.60000E-012,160.18414E+000,39.90000E+000,-12.89500E-006,160.18414E+000
1,1,952,100.00000E-009,587.20000E-012,160.35239E+000,39.94200E+000,-14.21900E-006,160.35239E+000
1,1,953,0.00000E+000,583.20000E-012,160.52062E+000,39.98400E+000,-9.59000E-006,160.52062E+000
1,1,954,0.00000E+000,668.60000E-012,160.68888E+000,40.02600E+000,-2.58500E-006,160.68888E+000
1,1,955,0.00000E+000,691.60000E-012,160.85715E+000,40.06800E+000,6.60200E-006,160.85715E+000
1,1,956,0.00000E+000,713.50000E-012,161.02554E+000,40.11000E+000,12.48100E-006,161.02554E+000
1,1,957,0.00000E+000,768.80000E-012,161.19378E+000,40.15200E+000,14.92200E-006,161.19378E+000
1,1,958,0.00000E+000,772.30000E-012,161.36266E+000,40.19400E+000,8.65000E-006,161.36266E+000
1,1,959,0.00000E+000,792.40000E-012,161.55155E+000,40.23600E+000,-14.63700E-006,161.55155E+000
1,1,960,200.00000E-009,797.10000E-012,161.71979E+000,40.27800E+000,-13.34900E-006,161.71979E+000
1,1,961,0.00000E+000,790.90000E-012,161.88803E+000,40.32000E+000,-6.41400E-006,161.88803E+000
1,1,962,0.00000E+000,800.70000E-012,162.07154E+000,40.36200E+000,-5.54900E-006,162.07154E+000
1,1,963,0.00000E+000,807.80000E-012,162.23978E+000,40.40400E+000,2.60300E-006,162.23978E+000
1,1,964,0.00000E+000,815.00000E-012,162.40801E+000,40.44600E+000,9.83500E-006,162.40801E+000
1,1,965,0.00000E+000,839.10000E-012,162.57651E+000,40.48800E+000,14.46500E-006,162.57651E+000
1,1,966,0.00000E+000,826.50000E-012,162.74474E+000,40.53000E+000,13.82600E-006,162.74474E+000
1,1,967,100.00000E-009,858.20000E-012,162.91298E+000,40.57200E+000,7.27400E-006,162.91298E+000
1,1,968,-100.00000E-009,853.40000E-012,163.08124E+000,40.61400E+000,-757.00000E-009,163.08124E+000
1,1,969,100.00000E-009,878.00000E-012,163.24949E+000,40.65600E+000,-9.14600E-006,163.24949E+000
1,1,970,0.00000E+000,867.40000E-012,163.41775E+000,40.69800E+000,-13.24600E-006,163.41775E+000
1,1,971,0.00000E+000,867.70000E-012,163.58954E+000,40.74000E+000,516.00000E-009,163.58954E+000
1,1,972,0.00000E+000,885.90000E-012,163.75782E+000,40.78200E+000,9.36800E-006,163.75782E+000
1,1,973,0.00000E+000,912.00000E-012,163.92606E+000,40.82400E+000,13.28000E-006,163.92606E+000
1,1,974,0.00000E+000,925.30000E-012,164.09433E+000,40.86600E+000,14.08000E-006,164.09433E+000
1,1,975,0.00000E+000,931.50000E-012,164.26258E+000,40.90800E+000,9.36500E-006,164.26258E+000
1,1,976,0.00000E+000,939.50000E-012,164.43082E+000,40.95000E+000,2.46900E-006,164.43082E+000
1,1,977,0.00000E+000,942.00000E-012,164.59909E+000,40.99200E+000,-6.86800E-006,164.59909E+000
1,1,978,0.00000E+000,929.80000E-012,164.76733E+000,41.03400E+000,-11.81400E-006,164.76733E+000
1,1,979,0.00000E+000,972.10000E-012,164.93559E+000,41.07600E+000,-14.69900E-006,164.93559E+000
1,1,980,0.00000E+000,990.30000E-012,165.10395E+000,41.11800E+000,-11.55400E-006,165.10395E+000
1,1,981,0.00000E+000,986.80000E-012,165.27220E+000,41.16000E+000,-3.76400E-006,165.27220E+000
1,1,982,0.00000E+000,983.60000E-012,165.44044E+000,41.20200E+000,4.56800E-006,165.44044E+000
1,1,983,0.00000E+000,985.50000E-012,165.60871E+000,41.24400E+000,10.47000E-006,165.60871E+000
1,1,984,0.00000E+000,972.60000E-012,165.77695E+000,41.28600E+000,15.04500E-006,165.77695E+000
1,1,985,0.00000E+000,961.70000E-012,165.94519E+000,41.32800E+000,13.15600E-006,165.94519E+000
1,1,986,0.00000E+000,967.70000E-012,166.11345E+000,41.37000E+000,6.54000E-006,166.11345E+000
1,1,987,0.00000E+000,976.40000E-012,166.28166E+000,41.41200E+000,-1.31000E-006,166.28166E+000
1,1,988,0.00000E+000,979.40000E-012,166.45005E+000,41.45400E+000,-9.50300E-006,166.45005E+000
1,1,989,100.00000E-009,980.80000E-012,166.61831E+000,41.49600E+000,-13.30600E-006,166.61831E+000
1,1,990,0.00000E+000,982.30000E-012,166.78656E+000,41.53800E+000,-13.70600E-006,166.78656E+000
1,1,991,-100.00000E-009,966.50000E-012,166.95480E+000,41.58000E+000,-8.47200E-006,166.95480E+000
1,1,992,0.00000E+000,981.00000E-012,167.12327E+000,41.62200E+000,419.00000E-009,167.12327E+000
1,1,993,0.00000E+000,968.60000E-012,167.29152E+000,41.66400E+000,9.19300E-006,167.29152E+000
1,1,994,0.00000E+000,965.10000E-012,167.45975E+000,41.70600E+000,13.10900E-006,167.45975E+000
1,1,995,0.00000E+000,952.90000E-012,167.62802E+000,41.74800E+000,14.36000E-006,167.62802E+000
1,1,996,0.00000E+000,943.50000E-012,167.79627E+000,41.79000E+000,9.85800E-006,167.79627E+000
1,1,997,0.00000E+000,933.00000E-012,167.96450E+000,41.83200E+000,2.90900E-006,167.96450E+000
1,1,998,0.00000E+000,939.70000E-012,168.13275E+000,41.87400E+000,-5.71700E-006,168.13275E+000
1,1,999,0.00000E+000,932.40000E-012,168.30101E+000,41.91600E+000,-11.20900E-006,168.30101E+000
1,1,1000,0.00000E+000,926.50000E-012,168.46926E+000,41.95800E+000,-14.73500E-006,168.46926E+000
1,1,1001,0.00000E+000,918.50000E-012,168.63753E+000,42.00000E+000,-12.59000E-006,168.63753E+000
